problem_id,nl_query,intent_type,tables,columns,operations,sql,answer
PS-001,How many customers are in the dataset?,Aggregation/Count,customers,customer_id,COUNT,SELECT COUNT(*) AS total_customers FROM customers;,24757
PS-002,How many customers are smokers?,Filtering/Count,customers,is_smoker,COUNT|WHERE,SELECT COUNT(*) AS smoker_count FROM customers WHERE is_smoker='Y';,4952
PS-003,How many female customers exist?,Filtering/Count,customers,gender,COUNT|WHERE,SELECT COUNT(*) AS female_count FROM customers WHERE gender='Female';,0
PS-003b,How many male customers exist?,Filtering/Count,customers,gender,COUNT|WHERE,SELECT COUNT(*) AS male_count FROM customers WHERE gender='Male';,0
PS-004,How many customers are married?,Filtering/Count,customers,marital_status,COUNT|WHERE,SELECT COUNT(*) AS married_count FROM customers WHERE marital_status='Married';,18567
PS-005,What is the average annual income of customers?,Aggregation/Average,customers,annual_income,AVG,"SELECT ROUND(AVG(annual_income),2) AS avg_income FROM customers;",1214131.08
PS-006,What is the maximum annual income among all customers?,Aggregation/Max,customers,annual_income,MAX,SELECT MAX(annual_income) AS max_income FROM customers;,8384891049
PS-007,What is the average BMI of smoker customers?,Filtering/Aggregation,customers,bmi|is_smoker,AVG|WHERE,"SELECT ROUND(AVG(bmi),2) AS avg_bmi_smokers FROM customers WHERE is_smoker='Y';",25.75
PS-008,What is the average BMI of non-smoker customers?,Filtering/Aggregation,customers,bmi|is_smoker,AVG|WHERE,"SELECT ROUND(AVG(bmi),2) AS avg_bmi_non_smokers FROM customers WHERE is_smoker='N';",27.0
PS-009,How many customers are in each city (top 5)?,GroupBy/Count,customers,location,COUNT|GROUP BY|ORDER BY,"SELECT location, COUNT(*) AS cnt FROM customers GROUP BY location ORDER BY cnt DESC LIMIT 5;","             location  cnt
 BANGALORE, Karnataka  563
MEERUT, Uttar Pradesh  322
         PATNA, Bihar  281
     UDUPI, Karnataka  277
  AGRA, Uttar Pradesh  267"
PS-010,How many customers belong to each marital status category?,GroupBy/Count,customers,marital_status,COUNT|GROUP BY,"SELECT marital_status, COUNT(*) AS cnt FROM customers GROUP BY marital_status ORDER BY cnt DESC;","marital_status   cnt
       Married 18567
        Single  6190"
PS-011,What is the average age of customers by gender?,GroupBy/Average,customers,gender|age,AVG|GROUP BY,"SELECT gender, ROUND(AVG(age),2) AS avg_age FROM customers GROUP BY gender;","gender  avg_age
     C      NaN
     F    44.16
     M    43.84"
PS-012,How many customers have annual income above 2 million?,Filtering/Count,customers,annual_income,COUNT|WHERE,SELECT COUNT(*) AS high_income_customers FROM customers WHERE annual_income > 2000000;,870
PS-013,What is the average age of smokers vs non-smokers?,GroupBy/Comparison,customers,is_smoker|age,AVG|GROUP BY,"SELECT is_smoker, ROUND(AVG(age),2) AS avg_age FROM customers GROUP BY is_smoker;","is_smoker  avg_age
        N    43.92
        Y    43.98"
PS-014,How many customers have a BMI above 30 (obese)?,Filtering/Count,customers,bmi,COUNT|WHERE,SELECT COUNT(*) AS obese_customers FROM customers WHERE bmi > 30;,0
PS-015,How many policies are currently In-Force?,Filtering/Count,policies,policy_status,COUNT|WHERE,SELECT COUNT(*) AS inforce_policies FROM policies WHERE policy_status='In-Force';,0
PS-016,How many policies have lapsed?,Filtering/Count,policies,policy_status,COUNT|WHERE,SELECT COUNT(*) AS lapsed_policies FROM policies WHERE policy_status='Lapsed';,2737
PS-017,What is the total sum assured across all policies?,Aggregation/Sum,policies,sum_assured,SUM,SELECT SUM(sum_assured) AS total_sum_assured FROM policies;,21026553569.89
PS-018,What is the average annual premium paid?,Aggregation/Average,policies,annual_premium,AVG,"SELECT ROUND(AVG(annual_premium),2) AS avg_premium FROM policies;",92248.11
PS-019,How many policies were sold through each sales channel?,GroupBy/Count,policies,sales_channel,COUNT|GROUP BY,"SELECT sales_channel, COUNT(*) AS cnt FROM policies GROUP BY sales_channel ORDER BY cnt DESC;","sales_channel   cnt
        Banca 25000"
PS-020,What is the total premium collected by sales channel?,GroupBy/Sum,policies,sales_channel|total_premium_paid,SUM|GROUP BY,"SELECT sales_channel, ROUND(SUM(total_premium_paid),2) AS total_premium FROM policies GROUP BY sales_channel ORDER BY total_premium DESC;","sales_channel  total_premium
        Banca   1.482583e+10"
PS-021,How many policies exist per product type?,GroupBy/Count,policies,product_name,COUNT|GROUP BY,"SELECT product_name, COUNT(*) AS cnt FROM policies GROUP BY product_name ORDER BY cnt DESC;","                                                                    product_name  cnt
 Canara HSBC Life Insurance Guaranteed Fortune Plan-Guaranteed Savings Option V3 7932
Canara HSBC Life Insurance Guaranteed Fortune Plan - Guaranteed Savings OptionV1 4721
                            Canara HSBC Life Insurance Wealth Edge - Invest Plus 4003
  Canara HSBC Life Insurance Guaranteed Fortune Plan - Guaranteed Savings Option 2587
                             Canara HSBC Life Insurance Smart Guaranteed Pension 2054"
PS-022,What is the average sum assured per product?,GroupBy/Average,policies,product_name|sum_assured,AVG|GROUP BY,"SELECT product_name, ROUND(AVG(sum_assured),2) AS avg_sa FROM policies GROUP BY product_name ORDER BY avg_sa DESC;","                                                                   product_name     avg_sa
                           Canara HSBC Life Insurance Wealth Edge - Invest Plus 1958320.64
                                Canara HSBC Guaranteed Assured INcome-Long Term  956365.84
                               Canara HSBC Guaranteed Assured INcome-Short Term  797626.95
Canara HSBC Life Insurance Guaranteed Fortune Plan-Guaranteed Savings Option V3  731364.59
 Canara HSBC Life Insurance Guaranteed Fortune Plan - Guaranteed Savings Option  730583.45"
PS-023,How many policies are in each zone?,GroupBy/Count,policies,zone,COUNT|GROUP BY,"SELECT zone, COUNT(*) AS cnt FROM policies GROUP BY zone ORDER BY cnt DESC;","         zone  cnt
Uttar Pradesh 4580
    Karnataka 4017
   Tamil Nadu 2442
  West Bengal 1551
        Bihar 1522"
PS-024,What is the total premium collected per zone?,GroupBy/Sum,policies,zone|total_premium_paid,SUM|GROUP BY,"SELECT zone, ROUND(SUM(total_premium_paid),2) AS total_premium FROM policies GROUP BY zone ORDER BY total_premium DESC;","         zone  total_premium
    Karnataka   2.711827e+09
Uttar Pradesh   2.337167e+09
   Tamil Nadu   1.340447e+09
  Maharashtra   1.235971e+09
        Delhi   9.365120e+08"
PS-025,How many policies have riders attached?,Filtering/Count,policies,rider_count,COUNT|WHERE,SELECT COUNT(*) AS policies_with_riders FROM policies WHERE rider_count > 0;,0
PS-026,What is the distribution of payment modes among policyholders?,GroupBy/Distribution,policies,payment_mode,COUNT|GROUP BY,"SELECT payment_mode, COUNT(*) AS cnt FROM policies GROUP BY payment_mode ORDER BY cnt DESC;","  payment_mode  cnt
        Cheque 4986
    Online/UPI 4985
   Credit Card 4922
          Cash 4839
ECS/Auto-Debit 4809"
PS-027,What is the average policy tenure in years?,Aggregation/Average,policies,policy_tenure_years,AVG,"SELECT ROUND(AVG(policy_tenure_years),2) AS avg_tenure FROM policies;",20.02
PS-028,How many policies were issued each year?,Time-Series/Count,policies,issuance_date,COUNT|GROUP BY,"SELECT SUBSTR(issuance_date,1,4) AS year, COUNT(*) AS cnt FROM policies GROUP BY year ORDER BY year;","year  cnt
01-0  194
01-1  152
02-0  294
02-1  165
03-0  342"
PS-029,Which nominee relation is most common?,GroupBy/Ranking,policies,nominee_relation,COUNT|GROUP BY|ORDER BY,"SELECT nominee_relation, COUNT(*) AS cnt FROM policies GROUP BY nominee_relation ORDER BY cnt DESC LIMIT 1;","nominee_relation   cnt
          Spouse 25000"
PS-030,How many policies required medical underwriting?,Filtering/Count,policies,medical_underwriting_flag,COUNT|WHERE,SELECT COUNT(*) AS medical_uw_policies FROM policies WHERE medical_underwriting_flag='Y';,25000
PS-031,What is the highest sum assured single policy?,Aggregation/Max,policies,sum_assured,MAX,SELECT MAX(sum_assured) AS max_sa FROM policies;,28708128.0
PS-032,What is the total sum assured by state (top 5)?,GroupBy/Sum,policies,state|sum_assured,SUM|GROUP BY,"SELECT state, SUM(sum_assured) AS total_sa FROM policies GROUP BY state ORDER BY total_sa DESC LIMIT 5;","        state     total_sa
    Karnataka 3.576371e+09
Uttar Pradesh 3.392778e+09
   Tamil Nadu 2.065275e+09
  Maharashtra 1.814169e+09
        Delhi 1.397681e+09"
PS-033,What percentage of policies are In-Force?,Aggregation/Ratio,policies,policy_status,SUM|COUNT|CASE WHEN,"SELECT ROUND(100.0*SUM(CASE WHEN policy_status='In-Force' THEN 1 ELSE 0 END)/COUNT(*),2) AS pct_inforce FROM policies;",0.0
PS-034,How many policies have a sum assured above 10 million?,Filtering/Count,policies,sum_assured,COUNT|WHERE,SELECT COUNT(*) AS high_sa_policies FROM policies WHERE sum_assured > 10000000;,17
PS-035,What is the average premium paying term by product?,GroupBy/Average,policies,product_name|premium_paying_term_years,AVG|GROUP BY,"SELECT product_name, ROUND(AVG(premium_paying_term_years),2) AS avg_ppt FROM policies GROUP BY product_name ORDER BY avg_ppt DESC;","                                                                    product_name  avg_ppt
                                 Canara HSBC Guaranteed Assured INcome-Long Term     9.52
                           Canara HSBC Life Insurance Flexi Edge - Flexi Savings     8.41
                                     Canara HSBC Guaranteed Income4Life GLI Plan     8.03
Canara HSBC Life Insurance Guaranteed Fortune Plan - Guaranteed Savings OptionV1     7.43
 Canara HSBC Life Insurance Guaranteed Fortune Plan-Guaranteed Savings Option V3     7.31"
PS-036,How many claims have been filed in total?,Aggregation/Count,claims,claim_id,COUNT,SELECT COUNT(*) AS total_claims FROM claims;,134
PS-037,What is the total claim amount paid out (settled claims)?,Filtering/Sum,claims,claim_amount|claim_status,SUM|WHERE,"SELECT ROUND(SUM(claim_amount),2) AS total_payout FROM claims WHERE claim_status='Settled';",None
PS-038,How many claims are there by type?,GroupBy/Count,claims,claim_type,COUNT|GROUP BY,"SELECT claim_type, COUNT(*) AS cnt FROM claims GROUP BY claim_type ORDER BY cnt DESC;","   claim_type  cnt
 SUDDEN DEATH   30
 HEART ATTACK   19
NATURAL DEATH   15
      NATURAL   13
     ACCIDENT    5"
PS-039,What is the average claim amount by claim type?,GroupBy/Average,claims,claim_type|claim_amount,AVG|GROUP BY,"SELECT claim_type, ROUND(AVG(claim_amount),2) AS avg_claim FROM claims GROUP BY claim_type ORDER BY avg_claim DESC;","                 claim_type  avg_claim
      MYOCARDIAL INFARCTION  3135000.0
      SUDDEN CARDIAC ARREST  3000000.0
       MASSIVE HEART ATTACK  3000000.0
ACUTE MYOCARDIAL INFARCTION  3000000.0
               THRYMBOLYSIS  2750000.0"
PS-040,How many claims are pending (Pending Documents or Under Investigation)?,Filtering/Count,claims,claim_status,COUNT|WHERE|IN,"SELECT COUNT(*) AS pending_claims FROM claims WHERE claim_status IN ('Pending Documents','Under Investigation');",0
PS-041,What proportion of claims were settled vs repudiated vs pending?,Distribution/Ratio,claims,claim_status,COUNT|WINDOW,"SELECT claim_status, COUNT(*) AS cnt, ROUND(100.0*COUNT(*)/SUM(COUNT(*)) OVER(),2) AS pct FROM claims GROUP BY claim_status;","claim_status  cnt   pct
        Paid  133 99.25
         WIP    1  0.75"
PS-042,How many early claims (is_early_claim=True) exist?,Filtering/Count,claims,is_early_claim,COUNT|WHERE,SELECT COUNT(*) AS early_claims FROM claims WHERE is_early_claim=1;,0
PS-043,What is the average claim amount for early vs non-early claims?,GroupBy/Comparison,claims,is_early_claim|claim_amount,AVG|GROUP BY,"SELECT is_early_claim, ROUND(AVG(claim_amount),2) AS avg_claim FROM claims GROUP BY is_early_claim;"," is_early_claim  avg_claim
              0  694259.26"
PS-044,How many claims were filed each year?,Time-Series/Count,claims,claim_date,COUNT|GROUP BY,"SELECT SUBSTR(claim_date,1,4) AS year, COUNT(*) AS cnt FROM claims GROUP BY year ORDER BY year;","year  cnt
01-F    1
01-M    2
02-A    1
02-F    2
02-M    1"
PS-045,What is the total claim amount by year?,Time-Series/Sum,claims,claim_date|claim_amount,SUM|GROUP BY,"SELECT SUBSTR(claim_date,1,4) AS year, ROUND(SUM(claim_amount),2) AS total FROM claims GROUP BY year ORDER BY year;","year      total
01-F 5000000.00
01-M 2172622.96
02-A  331659.81
02-F  455000.00
02-M  210000.00"
PS-046,What is the maximum single claim amount?,Aggregation/Max,claims,claim_amount,MAX,SELECT MAX(claim_amount) AS max_claim FROM claims;,5000000.0
PS-047,What is the most common medical diagnosis in health claims?,Filtering/GroupBy/Ranking,claims,claim_type|medical,COUNT|GROUP BY|ORDER BY,"SELECT medical, COUNT(*) AS cnt FROM claims WHERE claim_type='Health Claim' AND medical IS NOT NULL GROUP BY medical ORDER BY cnt DESC LIMIT 1;",No results
PS-048,What is the average policy tenure at the time of claim?,Aggregation/Average,claims,policy_tenure_at_claim_months,AVG,"SELECT ROUND(AVG(policy_tenure_at_claim_months),2) AS avg_tenure_months FROM claims;",24.0
PS-049,What is the repudiation rate among all claims?,Aggregation/Ratio,claims,claim_status,SUM|COUNT|CASE WHEN,"SELECT ROUND(100.0*SUM(CASE WHEN claim_status='Repudiated' THEN 1 ELSE 0 END)/COUNT(*),2) AS repudiation_rate_pct FROM claims;",0.0
PS-050,How many active agents are there?,Filtering/Count,sales,employment_status,COUNT|WHERE,SELECT COUNT(*) AS active_agents FROM sales WHERE employment_status='Active';,1922
PS-051,Who are the top 5 agents by policies sold?,Ranking/TopN,sales,full_name|policies_sold,ORDER BY|LIMIT,"SELECT full_name, policies_sold FROM sales ORDER BY policies_sold DESC LIMIT 5;","   full_name  policies_sold
Agent_960773            151
Agent_979412             90
Agent_978095             87
Agent_968914             85
Agent_968437             78"
PS-052,Who are the top 5 agents by NBP achieved?,Ranking/TopN,sales,full_name|nbp_achieved,ORDER BY|LIMIT,"SELECT full_name, nbp_achieved FROM sales ORDER BY nbp_achieved DESC LIMIT 5;","   full_name  nbp_achieved
Agent_969439   17508775.00
Agent_979453    9615000.51
Agent_968026    8580000.59
Agent_969230    8260000.00
Agent_978095    7511866.09"
PS-053,What is the average target achievement percentage across all agents?,Aggregation/Average,sales,target_achievement_pct,AVG,"SELECT ROUND(AVG(target_achievement_pct),2) AS avg_target_achievement FROM sales;",90.91
PS-054,How many agents exceeded their NBP target?,Filtering/Count,sales,target_achievement_pct,COUNT|WHERE,SELECT COUNT(*) AS over_target_agents FROM sales WHERE target_achievement_pct > 100;,0
PS-055,What is the average persistency rate across all agents?,Aggregation/Average,sales,persistency_rate,AVG,"SELECT ROUND(AVG(persistency_rate),4) AS avg_persistency FROM sales;",79.5464
PS-056,Which agent has the highest lapse rate?,Ranking/Worst,sales,full_name|lapse_rate,ORDER BY|LIMIT,"SELECT full_name, lapse_rate FROM sales ORDER BY lapse_rate DESC LIMIT 1;","   full_name  lapse_rate
Agent_270084        10.5"
PS-057,Which agent has the highest surrender rate?,Ranking/Worst,sales,full_name|surrender_rate,ORDER BY|LIMIT,"SELECT full_name, surrender_rate FROM sales ORDER BY surrender_rate DESC LIMIT 1;","   full_name  surrender_rate
Agent_981791            1.28"
PS-058,What is the average claim rate per agent?,Aggregation/Average,sales,claim_rate,AVG,"SELECT ROUND(AVG(claim_rate),4) AS avg_claim_rate FROM sales;",0.1642
PS-059,How many agents have a persistency rate above 0.9?,Filtering/Count,sales,persistency_rate,COUNT|WHERE,SELECT COUNT(*) AS high_persistency_agents FROM sales WHERE persistency_rate >= 0.9;,1553
PS-060,What is the distribution of agent qualifications?,GroupBy/Distribution,sales,qualification,COUNT|GROUP BY,"SELECT qualification, COUNT(*) AS cnt FROM sales GROUP BY qualification ORDER BY cnt DESC;","qualification  cnt
     Graduate 1956"
PS-061,What is the total sum assured sold per branch?,GroupBy/Sum,sales,branch_id|sum_assured_sold,SUM|GROUP BY,"SELECT branch_id, SUM(sum_assured_sold) AS total_sa FROM sales GROUP BY branch_id ORDER BY total_sa DESC;","ERROR: Execution failed on sql 'SELECT branch_id, SUM(sum_assured_sold) AS total_sa FROM sales GROUP BY branch_id ORDER BY total_sa DESC;': no such column: sum_assured_sold"
PS-062,How many agents have a zero claim rate?,Filtering/Count,sales,claim_rate,COUNT|WHERE,SELECT COUNT(*) AS zero_claim_agents FROM sales WHERE claim_rate=0;,1553
PS-063,Who is the top performing agent by NBP target achievement?,Ranking/Top1,sales,full_name|target_achievement_pct,ORDER BY|LIMIT,"SELECT full_name, target_achievement_pct FROM sales ORDER BY target_achievement_pct DESC LIMIT 1;","   full_name  target_achievement_pct
Agent_800812               90.909091"
PS-064,Which products are currently active?,Filtering,products,is_active|product_name,WHERE,"SELECT product_id, product_name FROM products WHERE is_active='Y';","ERROR: Execution failed on sql 'SELECT product_id, product_name FROM products WHERE is_active='Y';': no such column: is_active"
PS-065,Which product has the highest premium rate per 1000?,Ranking/Max,products,product_name|premium_rate_per_1000,ORDER BY|LIMIT,"SELECT product_name, premium_rate_per_1000 FROM products ORDER BY premium_rate_per_1000 DESC LIMIT 1;","ERROR: Execution failed on sql 'SELECT product_name, premium_rate_per_1000 FROM products ORDER BY premium_rate_per_1000 DESC LIMIT 1;': no such column: premium_rate_per_1000"
PS-066,How many products have maturity benefit?,Filtering/Count,products,has_maturity_benefit,COUNT|WHERE,SELECT COUNT(*) AS products_with_maturity FROM products WHERE has_maturity_benefit='Y';,ERROR: Execution failed on sql 'SELECT COUNT(*) AS products_with_maturity FROM products WHERE has_maturity_benefit='Y';': no such column: has_maturity_benefit
PS-067,How many products are participating (with profit)?,Filtering/Count,products,is_participating,COUNT|WHERE,SELECT COUNT(*) AS participating_products FROM products WHERE is_participating='Y';,ERROR: Execution failed on sql 'SELECT COUNT(*) AS participating_products FROM products WHERE is_participating='Y';': no such column: is_participating
PS-068,What is the average minimum sum assured across all products?,Aggregation/Average,products,min_sum_assured,AVG,"SELECT ROUND(AVG(min_sum_assured),2) AS avg_min_sa FROM products;","ERROR: Execution failed on sql 'SELECT ROUND(AVG(min_sum_assured),2) AS avg_min_sa FROM products;': no such column: min_sum_assured"
PS-069,Which product was launched most recently?,Ranking/Recent,products,product_name|launch_date,ORDER BY|LIMIT,"SELECT product_name, launch_date FROM products ORDER BY launch_date DESC LIMIT 1;","ERROR: Execution failed on sql 'SELECT product_name, launch_date FROM products ORDER BY launch_date DESC LIMIT 1;': no such column: launch_date"
PS-070,What product categories are available?,Filtering/Distinct,products,product_category,DISTINCT,SELECT DISTINCT product_category FROM products;,"product_category
            TRAD
            ULIP"
PS-071,How many plans are currently active?,Filtering/Count,plans,is_active,COUNT|WHERE,SELECT COUNT(*) AS active_plans FROM plans WHERE is_active='Y';,ERROR: Execution failed on sql 'SELECT COUNT(*) AS active_plans FROM plans WHERE is_active='Y';': no such column: is_active
PS-072,How many plans have regular premium payment type?,Filtering/Count,plans,premium_payment_type,COUNT|WHERE,SELECT COUNT(*) AS regular_plans FROM plans WHERE premium_payment_type='Regular';,ERROR: Execution failed on sql 'SELECT COUNT(*) AS regular_plans FROM plans WHERE premium_payment_type='Regular';': no such column: premium_payment_type
PS-073,How many plans are available per product?,GroupBy/Count,plans,product_id,COUNT|GROUP BY,"SELECT product_id, COUNT(*) AS plan_count FROM plans GROUP BY product_id ORDER BY plan_count DESC;","ERROR: Execution failed on sql 'SELECT product_id, COUNT(*) AS plan_count FROM plans GROUP BY product_id ORDER BY plan_count DESC;': no such column: product_id"
PS-074,What is the average sum assured for smoker vs non-smoker policyholders?,Join/GroupBy/Comparison,policies|customers,is_smoker|sum_assured,JOIN|AVG|GROUP BY,"SELECT c.is_smoker, ROUND(AVG(p.sum_assured),2) AS avg_sa FROM policies p JOIN customers c ON p.customer_id=c.customer_id GROUP BY c.is_smoker;","is_smoker    avg_sa
        N 841404.77
        Y 839298.24"
PS-075,How many policies does each gender hold on average per customer?,Join/GroupBy/Ratio,policies|customers,gender|policy_id,JOIN|COUNT|GROUP BY,"SELECT c.gender, COUNT(p.policy_id) AS total_policies, ROUND(1.0*COUNT(p.policy_id)/COUNT(DISTINCT c.customer_id),2) AS avg_per_customer FROM customers c LEFT JOIN policies p ON c.customer_id=p.customer_id GROUP BY c.gender;","gender  total_policies  avg_per_customer
     C               8              1.14
     F            7565              1.01
     M           17426              1.01"
PS-076,What is the total premium paid by customers in each marital status?,Join/GroupBy/Sum,policies|customers,marital_status|total_premium_paid,JOIN|SUM|GROUP BY,"SELECT c.marital_status, ROUND(SUM(p.total_premium_paid),2) AS total_premium FROM policies p JOIN customers c ON p.customer_id=c.customer_id GROUP BY c.marital_status ORDER BY total_premium DESC;","marital_status  total_premium
       Married   1.110004e+10
        Single   3.723291e+09"
PS-077,What is the average claim amount for male vs female policyholders?,Join/GroupBy/Comparison,claims|customers,gender|claim_amount,JOIN|AVG|GROUP BY,"SELECT c.gender, ROUND(AVG(cl.claim_amount),2) AS avg_claim FROM claims cl JOIN customers c ON cl.customer_id=c.customer_id GROUP BY c.gender;","gender  avg_claim
     F  657672.41
     M  702241.84"
PS-078,Which product category has the highest total claims payout?,Multi-Join/Aggregation,claims|policies|products,product_category|claim_amount,JOIN|SUM|GROUP BY,"SELECT pr.product_category, ROUND(SUM(cl.claim_amount),2) AS total_payout FROM claims cl JOIN policies pol ON cl.policy_number=pol.policy_number JOIN products pr ON pol.product_id=pr.product_id GROUP BY pr.product_category ORDER BY total_payout DESC LIMIT 1;","ERROR: Execution failed on sql 'SELECT pr.product_category, ROUND(SUM(cl.claim_amount),2) AS total_payout FROM claims cl JOIN policies pol ON cl.policy_number=pol.policy_number JOIN products pr ON pol.product_id=pr.product_id GROUP BY pr.product_category ORDER BY total_payout DESC LIMIT 1;': no such column: pol.product_id"
PS-079,What is the average annual income of customers who have made claims vs those who have not?,Join/Conditional/Comparison,claims|customers,annual_income|customer_id,LEFT JOIN|AVG|CASE WHEN,"SELECT CASE WHEN cl.customer_id IS NOT NULL THEN 'Has Claim' ELSE 'No Claim' END AS claim_segment, ROUND(AVG(c.annual_income),2) AS avg_income FROM customers c LEFT JOIN (SELECT DISTINCT customer_id FROM claims) cl ON c.customer_id=cl.customer_id GROUP BY claim_segment;","claim_segment  avg_income
    Has Claim   803257.58
     No Claim  1216333.53"
PS-080,Which zone has the highest average claim amount?,Join/GroupBy/Ranking,claims|policies,zone|claim_amount,JOIN|AVG|ORDER BY,"SELECT pol.zone, ROUND(AVG(cl.claim_amount),2) AS avg_claim FROM claims cl JOIN policies pol ON cl.policy_number=pol.policy_number GROUP BY pol.zone ORDER BY avg_claim DESC LIMIT 1;"," zone  avg_claim
Assam  2750000.0"
PS-081,How many claims are associated with each product type?,Join/GroupBy/Count,claims|policies,product_name|claim_id,JOIN|COUNT|GROUP BY,"SELECT pol.product_name, COUNT(cl.claim_id) AS claim_count FROM policies pol JOIN claims cl ON pol.policy_number=cl.policy_number GROUP BY pol.product_name ORDER BY claim_count DESC;","ERROR: Execution failed on sql 'SELECT pol.product_name, COUNT(cl.claim_id) AS claim_count FROM policies pol JOIN claims cl ON pol.policy_number=cl.policy_number GROUP BY pol.product_name ORDER BY claim_count DESC;': no such column: cl.claim_id"
PS-082,What is the total premium collected per agent (top 10)?,Join/GroupBy/Sum,policies|sales,full_name|total_premium_paid,JOIN|SUM|GROUP BY,"SELECT s.full_name, ROUND(SUM(p.total_premium_paid),2) AS premium_collected FROM policies p JOIN sales s ON p.servicing_agent_id=s.sales_person_id GROUP BY s.full_name ORDER BY premium_collected DESC LIMIT 10;","ERROR: Execution failed on sql 'SELECT s.full_name, ROUND(SUM(p.total_premium_paid),2) AS premium_collected FROM policies p JOIN sales s ON p.servicing_agent_id=s.sales_person_id GROUP BY s.full_name ORDER BY premium_collected DESC LIMIT 10;': no such column: s.sales_person_id"
PS-083,What is the average BMI of customers who made death claims?,Join/Filtering/Aggregation,claims|customers,bmi|claim_type,JOIN|AVG|WHERE,"SELECT ROUND(AVG(c.bmi),2) AS avg_bmi_death_claimants FROM claims cl JOIN customers c ON cl.customer_id=c.customer_id WHERE cl.claim_type='Death Claim';",None
PS-084,How many policyholders are in each occupation category?,Join/GroupBy/Count,policies|customers,occupation_id,JOIN|COUNT|GROUP BY,"SELECT c.occupation_id, COUNT(DISTINCT p.customer_id) AS policyholders FROM policies p JOIN customers c ON p.customer_id=c.customer_id GROUP BY c.occupation_id ORDER BY policyholders DESC;","ERROR: Execution failed on sql 'SELECT c.occupation_id, COUNT(DISTINCT p.customer_id) AS policyholders FROM policies p JOIN customers c ON p.customer_id=c.customer_id GROUP BY c.occupation_id ORDER BY policyholders DESC;': no such column: c.occupation_id"
PS-085,What is the total sum assured sold by agents who exceeded their NBP target?,Join/Filtering/Sum,policies|sales,sum_assured|target_achievement_pct,JOIN|SUM|WHERE,SELECT SUM(p.sum_assured) AS total_sa_over_target_agents FROM policies p JOIN sales s ON p.servicing_agent_id=s.sales_person_id WHERE s.target_achievement_pct > 100;,ERROR: Execution failed on sql 'SELECT SUM(p.sum_assured) AS total_sa_over_target_agents FROM policies p JOIN sales s ON p.servicing_agent_id=s.sales_person_id WHERE s.target_achievement_pct > 100;': no such column: s.sales_person_id
PS-086,What is the claim settlement rate by zone?,Join/Conditional/Ratio,claims|policies,zone|claim_status,JOIN|SUM|CASE WHEN|GROUP BY,"SELECT pol.zone, ROUND(100.0*SUM(CASE WHEN cl.claim_status='Settled' THEN 1 ELSE 0 END)/COUNT(*),2) AS settlement_rate_pct FROM claims cl JOIN policies pol ON cl.policy_number=pol.policy_number GROUP BY pol.zone ORDER BY settlement_rate_pct DESC;","         zone  settlement_rate_pct
  West Bengal                  0.0
  Uttarakhand                  0.0
Uttar Pradesh                  0.0
    Telangana                  0.0
   Tamil Nadu                  0.0"
PS-087,What is the average annual income of customers with lapsed policies?,Join/Filtering/Average,policies|customers,annual_income|policy_status,JOIN|AVG|WHERE,"SELECT ROUND(AVG(c.annual_income),2) AS avg_income_lapsed FROM policies p JOIN customers c ON p.customer_id=c.customer_id WHERE p.policy_status='Lapsed';",587371.35
PS-088,What is the average annual income of customers with In-Force policies?,Join/Filtering/Average,policies|customers,annual_income|policy_status,JOIN|AVG|WHERE,"SELECT ROUND(AVG(c.annual_income),2) AS avg_income_inforce FROM policies p JOIN customers c ON p.customer_id=c.customer_id WHERE p.policy_status='In-Force';",None
PS-089,Which sales channel generates the highest average sum assured per policy?,GroupBy/Ranking,policies,sales_channel|sum_assured,AVG|GROUP BY|ORDER BY,"SELECT sales_channel, ROUND(AVG(sum_assured),2) AS avg_sa FROM policies GROUP BY sales_channel ORDER BY avg_sa DESC LIMIT 1;","sales_channel    avg_sa
        Banca 841062.14"
PS-090,How many unique customers have at least one policy?,Aggregation/Distinct,policies,customer_id,COUNT|DISTINCT,SELECT COUNT(DISTINCT customer_id) AS customers_with_policy FROM policies;,24756
PS-091,Which city has the highest total sum assured?,GroupBy/Ranking,policies,location_city|sum_assured,SUM|GROUP BY|ORDER BY,"SELECT location_city, SUM(sum_assured) AS total_sa FROM policies GROUP BY location_city ORDER BY total_sa DESC LIMIT 1;","ERROR: Execution failed on sql 'SELECT location_city, SUM(sum_assured) AS total_sa FROM policies GROUP BY location_city ORDER BY total_sa DESC LIMIT 1;': no such column: location_city"
PS-092,Which product has the highest total premium paid?,GroupBy/Ranking,policies,product_name|total_premium_paid,SUM|GROUP BY|ORDER BY,"SELECT product_name, ROUND(SUM(total_premium_paid),2) AS total_premium FROM policies GROUP BY product_name ORDER BY total_premium DESC LIMIT 1;","                                        product_name  total_premium
Canara HSBC Life Insurance Wealth Edge - Invest Plus   4592261430.0"
PS-093,Which 5 states have the highest policy count?,GroupBy/TopN,policies,state,COUNT|GROUP BY|ORDER BY,"SELECT state, COUNT(*) AS cnt FROM policies GROUP BY state ORDER BY cnt DESC LIMIT 5;","        state  cnt
Uttar Pradesh 4580
    Karnataka 4017
   Tamil Nadu 2442
  West Bengal 1551
        Bihar 1522"
PS-094,Which branch has the most policies?,GroupBy/Ranking,policies,branch_id|branch_name,COUNT|GROUP BY|ORDER BY,"SELECT branch_id, branch_name, COUNT(*) AS cnt FROM policies GROUP BY branch_id, branch_name ORDER BY cnt DESC LIMIT 1;","ERROR: Execution failed on sql 'SELECT branch_id, branch_name, COUNT(*) AS cnt FROM policies GROUP BY branch_id, branch_name ORDER BY cnt DESC LIMIT 1;': no such column: branch_name"
PS-095,Who is the youngest agent?,Ranking/Min,sales,full_name|age,ORDER BY|LIMIT,"SELECT full_name, age FROM sales ORDER BY age ASC LIMIT 1;","ERROR: Execution failed on sql 'SELECT full_name, age FROM sales ORDER BY age ASC LIMIT 1;': no such column: age"
PS-096,Who is the oldest agent?,Ranking/Max,sales,full_name|age,ORDER BY|LIMIT,"SELECT full_name, age FROM sales ORDER BY age DESC LIMIT 1;","ERROR: Execution failed on sql 'SELECT full_name, age FROM sales ORDER BY age DESC LIMIT 1;': no such column: age"
PS-097,What are the top 3 most common medical diagnoses in health claims?,Filtering/GroupBy/TopN,claims,medical|claim_type,COUNT|GROUP BY|ORDER BY,"SELECT medical, COUNT(*) AS cnt FROM claims WHERE claim_type='Health Claim' AND medical IS NOT NULL GROUP BY medical ORDER BY cnt DESC LIMIT 3;",No results
PS-098,Which customer has the highest annual income?,Ranking/Max,customers,full_name|annual_income,ORDER BY|LIMIT,"SELECT full_name, annual_income FROM customers ORDER BY annual_income DESC LIMIT 1;","        full_name  annual_income
PRAKASH NARARAYAN     8384891049"
PS-099,Which policy has the highest annual premium?,Ranking/Max,policies,policy_number|annual_premium,ORDER BY|LIMIT,"SELECT policy_number, product_name, annual_premium FROM policies ORDER BY annual_premium DESC LIMIT 1;","policy_number                                        product_name  annual_premium
  11502212035 Canara HSBC Life Insurance Smart Guaranteed Pension       2500000.0"
PS-100,Which 5 agents have the lowest persistency rate?,Ranking/BottomN,sales,full_name|persistency_rate,ORDER BY|LIMIT,"SELECT full_name, persistency_rate FROM sales ORDER BY persistency_rate ASC LIMIT 5;","   full_name persistency_rate
Agent_985161             None
Agent_985907             None
Agent_985963             None
Agent_987072             None
Agent_987165             None"
PS-101,How has the number of new policies changed year over year?,Time-Series/Count,policies,issuance_date,COUNT|GROUP BY,"SELECT SUBSTR(issuance_date,1,4) AS year, COUNT(*) AS new_policies FROM policies GROUP BY year ORDER BY year;","year  new_policies
01-0           194
01-1           152
02-0           294
02-1           165
03-0           342"
PS-102,How has total annual premium collected trended over the years?,Time-Series/Sum,policies,issuance_date|annual_premium,SUM|GROUP BY,"SELECT SUBSTR(issuance_date,1,4) AS year, ROUND(SUM(annual_premium),2) AS total_annual_premium FROM policies GROUP BY year ORDER BY year;","year  total_annual_premium
01-0           16115336.12
01-1           14157614.85
02-0           26888360.12
02-1           13629988.54
03-0           29990191.73"
PS-103,How has the average sum assured evolved year over year?,Time-Series/Average,policies,issuance_date|sum_assured,AVG|GROUP BY,"SELECT SUBSTR(issuance_date,1,4) AS year, ROUND(AVG(sum_assured),2) AS avg_sa FROM policies GROUP BY year ORDER BY year;","year    avg_sa
01-0 819031.34
01-1 949802.28
02-0 850376.74
02-1 710441.33
03-0 801676.65"
PS-104,Which year had the highest number of claims?,Time-Series/Ranking,claims,claim_date,COUNT|GROUP BY|ORDER BY,"SELECT SUBSTR(claim_date,1,4) AS year, COUNT(*) AS claims FROM claims GROUP BY year ORDER BY claims DESC LIMIT 1;","year  claims
18-J       4"
PS-105,What is the monthly distribution of claims in 2024?,Time-Series/Distribution,claims,claim_date,COUNT|GROUP BY|WHERE,"SELECT SUBSTR(claim_date,6,2) AS month, COUNT(*) AS cnt FROM claims WHERE SUBSTR(claim_date,1,4)='2024' GROUP BY month ORDER BY month;",No results
PS-106,How many policies matured each year?,Time-Series/Count,policies,maturity_date|policy_status,COUNT|GROUP BY,"SELECT SUBSTR(maturity_date,1,4) AS maturity_year, COUNT(*) AS cnt FROM policies WHERE policy_status='Matured' GROUP BY maturity_year ORDER BY maturity_year;",No results
PS-107,What is the trend in lapsed policies by issuance year?,Time-Series/Trend,policies,issuance_date|policy_status,COUNT|GROUP BY|WHERE,"SELECT SUBSTR(issuance_date,1,4) AS year, COUNT(*) AS lapsed FROM policies WHERE policy_status='Lapsed' GROUP BY year ORDER BY year;","year  lapsed
01-0      23
01-1      21
02-0      34
02-1      11
03-0      47"
PS-108,How has the total claim amount changed each year?,Time-Series/Sum,claims,claim_date|claim_amount,SUM|GROUP BY,"SELECT SUBSTR(claim_date,1,4) AS year, ROUND(SUM(claim_amount),2) AS total_claim FROM claims GROUP BY year ORDER BY year;","year  total_claim
01-F   5000000.00
01-M   2172622.96
02-A    331659.81
02-F    455000.00
02-M    210000.00"
PS-109,What is the distribution of customer ages in 10-year buckets?,Distribution/Bucketing,customers,age,CASE WHEN|COUNT|GROUP BY,"SELECT CASE WHEN age<30 THEN '<30' WHEN age<40 THEN '30-39' WHEN age<50 THEN '40-49' WHEN age<60 THEN '50-59' ELSE '60+' END AS age_bucket, COUNT(*) AS cnt FROM customers GROUP BY age_bucket ORDER BY age_bucket;","age_bucket  cnt
     30-39 6562
     40-49 6632
     50-59 4822
       60+ 3386
       <30 3355"
PS-110,What is the distribution of annual incomes across customers?,Distribution/Bucketing,customers,annual_income,CASE WHEN|COUNT|GROUP BY,"SELECT CASE WHEN annual_income<500000 THEN '<5L' WHEN annual_income<1000000 THEN '5L-10L' WHEN annual_income<2000000 THEN '10L-20L' WHEN annual_income<5000000 THEN '20L-50L' ELSE '50L+' END AS income_bucket, COUNT(*) AS cnt FROM customers GROUP BY income_bucket ORDER BY cnt DESC;","income_bucket   cnt
       5L-10L 12196
          <5L  7210
      10L-20L  4185
      20L-50L   909
         50L+   257"
PS-111,What is the distribution of sum assured across policies?,Distribution/Bucketing,policies,sum_assured,CASE WHEN|COUNT|GROUP BY,"SELECT CASE WHEN sum_assured<1000000 THEN '<10L' WHEN sum_assured<5000000 THEN '10L-50L' WHEN sum_assured<10000000 THEN '50L-1Cr' ELSE '1Cr+' END AS sa_bucket, COUNT(*) AS cnt FROM policies GROUP BY sa_bucket ORDER BY cnt DESC;","sa_bucket   cnt
     <10L 17518
  10L-50L  7125
  50L-1Cr   314
     1Cr+    43"
PS-112,What is the distribution of claim amounts in health claims?,Distribution/Bucketing,claims,claim_amount|claim_type,CASE WHEN|COUNT|GROUP BY|WHERE,"SELECT CASE WHEN claim_amount<500000 THEN '<5L' WHEN claim_amount<1000000 THEN '5L-10L' WHEN claim_amount<2000000 THEN '10L-20L' ELSE '20L+' END AS claim_bucket, COUNT(*) AS cnt FROM claims WHERE claim_type='Health Claim' GROUP BY claim_bucket ORDER BY cnt DESC;",No results
PS-113,What is the distribution of policy tenure (years) across all policies?,Distribution,policies,policy_tenure_years,COUNT|GROUP BY,"SELECT policy_tenure_years, COUNT(*) AS cnt FROM policies GROUP BY policy_tenure_years ORDER BY policy_tenure_years;"," policy_tenure_years  cnt
                   5  584
                   6   65
                   7  149
                   8   37
                   9   11"
PS-114,What is the distribution of BMI across customers?,Distribution/Bucketing,customers,bmi,CASE WHEN|COUNT|GROUP BY,"SELECT CASE WHEN bmi<18.5 THEN 'Underweight' WHEN bmi<25 THEN 'Normal' WHEN bmi<30 THEN 'Overweight' ELSE 'Obese' END AS bmi_category, COUNT(*) AS cnt FROM customers GROUP BY bmi_category ORDER BY cnt DESC;","bmi_category   cnt
  Overweight 22281
      Normal  2476"
PS-115,What is the lapse rate for policies sold through different channels?,Conditional/Ratio,policies,sales_channel|policy_status,CASE WHEN|SUM|COUNT|GROUP BY,"SELECT sales_channel, ROUND(100.0*SUM(CASE WHEN policy_status='Lapsed' THEN 1 ELSE 0 END)/COUNT(*),2) AS lapse_rate_pct FROM policies GROUP BY sales_channel ORDER BY lapse_rate_pct DESC;","sales_channel  lapse_rate_pct
        Banca           10.95"
PS-116,What fraction of Bancassurance policies are In-Force vs Lapsed?,Filtering/Distribution,policies,sales_channel|policy_status,COUNT|GROUP BY|WHERE,"SELECT policy_status, COUNT(*) AS cnt FROM policies WHERE sales_channel='Bancassurance' GROUP BY policy_status ORDER BY cnt DESC;",No results
PS-117,What is the average sum assured for policies with vs without riders?,Conditional/Comparison,policies,rider_count|sum_assured,CASE WHEN|AVG|GROUP BY,"SELECT CASE WHEN rider_count>0 THEN 'With Riders' ELSE 'Without Riders' END AS rider_segment, ROUND(AVG(sum_assured),2) AS avg_sa FROM policies GROUP BY rider_segment;"," rider_segment    avg_sa
Without Riders 841062.14"
PS-118,"Among settled claims, what percentage were early claims?",Filtering/Ratio,claims,is_early_claim|claim_status,SUM|COUNT|CASE WHEN|WHERE,"SELECT ROUND(100.0*SUM(CASE WHEN is_early_claim=1 THEN 1 ELSE 0 END)/COUNT(*),2) AS early_claim_pct FROM claims WHERE claim_status='Settled';",None
PS-119,What is the average claim amount for smoker vs non-smoker policyholders?,Join/Conditional/Comparison,claims|customers,is_smoker|claim_amount,JOIN|AVG|GROUP BY,"SELECT c.is_smoker, ROUND(AVG(cl.claim_amount),2) AS avg_claim FROM claims cl JOIN customers c ON cl.customer_id=c.customer_id GROUP BY c.is_smoker;","is_smoker  avg_claim
        N  616959.47
        Y  930843.44"
PS-120,Do customers with higher income tend to have higher sum assured?,Join/Conditional/Correlation,policies|customers,annual_income|sum_assured,JOIN|CASE WHEN|AVG|GROUP BY,"SELECT CASE WHEN c.annual_income<1000000 THEN 'Low Income (<10L)' WHEN c.annual_income<3000000 THEN 'Mid Income (10L-30L)' ELSE 'High Income (30L+)' END AS income_tier, ROUND(AVG(p.sum_assured),2) AS avg_sa FROM policies p JOIN customers c ON p.customer_id=c.customer_id GROUP BY income_tier ORDER BY avg_sa DESC;","         income_tier     avg_sa
  High Income (30L+) 2839470.35
Mid Income (10L-30L) 1435781.25
   Low Income (<10L)  633844.51"
PS-121,What is the surrender rate by product?,Conditional/Ratio,policies,product_name|policy_status,CASE WHEN|SUM|COUNT|GROUP BY,"SELECT product_name, ROUND(100.0*SUM(CASE WHEN policy_status='Surrendered' THEN 1 ELSE 0 END)/COUNT(*),2) AS surrender_rate_pct FROM policies GROUP BY product_name ORDER BY surrender_rate_pct DESC;","                                                                    product_name  surrender_rate_pct
                                    Canara HSBC Life Insurance Pension4Life Plan               45.45
  Canara HSBC Life Insurance Guaranteed Fortune Plan - Guaranteed Savings Option                3.02
                                Canara HSBC Guaranteed Assured INcome-Short Term                2.89
                             Canara HSBC Life Insurance Smart Guaranteed Pension                2.04
Canara HSBC Life Insurance Guaranteed Fortune Plan - Guaranteed Savings OptionV1                2.01"
PS-122,What is the death claim rate by zone?,Join/Conditional/Ratio,policies|claims,zone|claim_type,LEFT JOIN|COUNT|CASE WHEN|GROUP BY,"SELECT pol.zone, ROUND(100.0*COUNT(cl.claim_id)/COUNT(DISTINCT pol.policy_id),4) AS death_claim_rate_pct FROM policies pol LEFT JOIN claims cl ON pol.policy_number=cl.policy_number AND cl.claim_type='Death Claim' GROUP BY pol.zone ORDER BY death_claim_rate_pct DESC;","ERROR: Execution failed on sql 'SELECT pol.zone, ROUND(100.0*COUNT(cl.claim_id)/COUNT(DISTINCT pol.policy_id),4) AS death_claim_rate_pct FROM policies pol LEFT JOIN claims cl ON pol.policy_number=cl.policy_number AND cl.claim_type='Death Claim' GROUP BY pol.zone ORDER BY death_claim_rate_pct DESC;': no such column: cl.claim_id"
PS-123,Which product has the highest proportion of lapsed policies?,Conditional/Ratio/Ranking,policies,product_name|policy_status,CASE WHEN|SUM|COUNT|GROUP BY|ORDER BY,"SELECT product_name, ROUND(100.0*SUM(CASE WHEN policy_status='Lapsed' THEN 1 ELSE 0 END)/COUNT(*),2) AS lapse_pct FROM policies GROUP BY product_name ORDER BY lapse_pct DESC LIMIT 1;","                                                                    product_name  lapse_pct
Canara HSBC Life Insurance Guaranteed Fortune Plan - Guaranteed Savings OptionV1      26.07"
PS-124,What percentage of customers are both smokers and obese (BMI>30)?,Multi-Condition/Ratio,customers,is_smoker|bmi,COUNT|WHERE|Subquery,"SELECT ROUND(100.0*COUNT(*)/(SELECT COUNT(*) FROM customers),2) AS pct FROM customers WHERE is_smoker='Y' AND bmi>30;",0.0
PS-125,What is the average number of premiums paid for lapsed policies?,Filtering/Average,policies,premiums_paid_count|policy_status,AVG|WHERE,"SELECT ROUND(AVG(premiums_paid_count),2) AS avg_premiums_before_lapse FROM policies WHERE policy_status='Lapsed';",7.66
PS-126,What is the correlation proxy: avg claim amount vs product premium rate?,Multi-Join/Comparison,claims|policies|products,premium_rate_per_1000|claim_amount,JOIN|AVG|GROUP BY,"SELECT pr.product_name, pr.premium_rate_per_1000, ROUND(AVG(cl.claim_amount),2) AS avg_claim_amount FROM claims cl JOIN policies pol ON cl.policy_number=pol.policy_number JOIN products pr ON pol.product_id=pr.product_id GROUP BY pr.product_name, pr.premium_rate_per_1000 ORDER BY pr.premium_rate_per_1000 DESC;","ERROR: Execution failed on sql 'SELECT pr.product_name, pr.premium_rate_per_1000, ROUND(AVG(cl.claim_amount),2) AS avg_claim_amount FROM claims cl JOIN policies pol ON cl.policy_number=pol.policy_number JOIN products pr ON pol.product_id=pr.product_id GROUP BY pr.product_name, pr.premium_rate_per_1000 ORDER BY pr.premium_rate_per_1000 DESC;': no such column: pr.premium_rate_per_1000"
PS-127,How many policies have a premium-to-sum-assured ratio below 1%?,Derived-Metric/Filtering,policies,annual_premium|sum_assured,COUNT|WHERE|Derived Ratio,SELECT COUNT(*) AS low_premium_ratio_policies FROM policies WHERE (annual_premium*1.0/sum_assured) < 0.01;,0
PS-128,What is the average total premium paid to sum assured ratio by product?,Derived-Metric/GroupBy,policies,product_name|total_premium_paid|sum_assured,AVG|GROUP BY|Derived Ratio,"SELECT product_name, ROUND(AVG(total_premium_paid*1.0/sum_assured),4) AS avg_premium_to_sa_ratio FROM policies GROUP BY product_name ORDER BY avg_premium_to_sa_ratio DESC;","                                         product_name  avg_premium_to_sa_ratio
  Canara HSBC Life Insurance Smart Guaranteed Pension                   4.7225
          Canara HSBC Guaranteed Income4Life GLI Plan                   1.8733
Canara HSBC Life Insurance Flexi Edge - Flexi Savings                   1.2203
      Canara HSBC Guaranteed Assured INcome-Long Term                   0.9410
     Canara HSBC Guaranteed Assured INcome-Short Term                   0.6670"
PS-129,Which policies have total premiums paid exceeding the sum assured?,Conditional/Anomaly,policies,total_premium_paid|sum_assured,WHERE|ORDER BY,"SELECT policy_number, product_name, sum_assured, total_premium_paid FROM policies WHERE total_premium_paid > sum_assured ORDER BY total_premium_paid DESC LIMIT 5;","policy_number                                        product_name  sum_assured  total_premium_paid
  15000438249 Canara HSBC Life Insurance Smart Guaranteed Pension    2500000.0          15000000.0
  11502212035 Canara HSBC Life Insurance Smart Guaranteed Pension    2500000.0          12500000.0
  11502212229 Canara HSBC Life Insurance Smart Guaranteed Pension    2500000.0          12500000.0
  11502214365 Canara HSBC Life Insurance Smart Guaranteed Pension    2000000.0          10000000.0
  19102262118 Canara HSBC Life Insurance Smart Guaranteed Pension    2500000.0          10000000.0"
PS-130,Which customers have policies in more than one zone?,GroupBy/Having/Filter,policies,customer_id|zone,COUNT|DISTINCT|GROUP BY|HAVING,"SELECT customer_id, COUNT(DISTINCT zone) AS zone_count FROM policies GROUP BY customer_id HAVING zone_count > 1 LIMIT 10;",No results
PS-131,Which agents have a lapse rate above 50%?,Filtering/Anomaly,sales,full_name|lapse_rate,WHERE|ORDER BY,"SELECT full_name, lapse_rate FROM sales WHERE lapse_rate > 0.5 ORDER BY lapse_rate DESC;","   full_name  lapse_rate
Agent_270084        10.5
Agent_800722        10.5
Agent_800812        10.5
Agent_800947        10.5
Agent_801055        10.5"
PS-132,Which agents missed their NBP target by more than 50%?,Filtering/Anomaly,sales,full_name|target_achievement_pct,WHERE|ORDER BY,"SELECT full_name, target_achievement_pct FROM sales WHERE target_achievement_pct < 50 ORDER BY target_achievement_pct ASC;",No results
PS-133,Which claims have amount more than 3x the average?,Anomaly/Subquery,claims,claim_id|claim_amount,WHERE|Subquery|ORDER BY,"SELECT claim_id, claim_type, claim_amount FROM claims WHERE claim_amount > 3*(SELECT AVG(claim_amount) FROM claims) ORDER BY claim_amount DESC;","ERROR: Execution failed on sql 'SELECT claim_id, claim_type, claim_amount FROM claims WHERE claim_amount > 3*(SELECT AVG(claim_amount) FROM claims) ORDER BY claim_amount DESC;': no such column: claim_id"
PS-134,Which customers have low income (<200K) but high sum assured (>5M)?,Join/Multi-Condition/Anomaly,customers|policies,annual_income|sum_assured,JOIN|WHERE|ORDER BY,"SELECT c.customer_id, c.full_name, c.annual_income, p.sum_assured FROM customers c JOIN policies p ON c.customer_id=p.customer_id WHERE c.annual_income < 200000 AND p.sum_assured > 5000000 ORDER BY p.sum_assured DESC;","customer_id             full_name  annual_income  sum_assured
13855609784    CVK  CONSTRUCTIONS              0   21177497.0
18356846285           FALCON REAL              0   11650000.0
14917744646 KRISHNA CONSTELLATION              0   10000000.0
18321599060         KUMAR METAL I              0    8737500.0
18321599060         KUMAR METAL I              0    8550000.0"
PS-135,How many policies were surrendered within the first 3 years?,Filtering/Anomaly,policies,policy_status|premium_paying_term_years,COUNT|WHERE,SELECT COUNT(*) AS early_surrenders FROM policies WHERE policy_status='Surrendered' AND premium_paying_term_years <= 3;,5
PS-136,Which branch has the highest lapse rate among its policies?,GroupBy/Conditional/Ranking,policies,branch_id|policy_status,CASE WHEN|SUM|COUNT|GROUP BY|ORDER BY,"SELECT branch_id, branch_name, ROUND(100.0*SUM(CASE WHEN policy_status='Lapsed' THEN 1 ELSE 0 END)/COUNT(*),2) AS lapse_pct FROM policies GROUP BY branch_id, branch_name ORDER BY lapse_pct DESC LIMIT 1;","ERROR: Execution failed on sql 'SELECT branch_id, branch_name, ROUND(100.0*SUM(CASE WHEN policy_status='Lapsed' THEN 1 ELSE 0 END)/COUNT(*),2) AS lapse_pct FROM policies GROUP BY branch_id, branch_name ORDER BY lapse_pct DESC LIMIT 1;': no such column: branch_name"
PS-137,Which agents have the lowest FTR (First Time Resolution) rate?,Filtering/Anomaly,sales,full_name|ftr_rate,WHERE|ORDER BY,"SELECT full_name, ftr_rate FROM sales WHERE ftr_rate < 0.5 ORDER BY ftr_rate ASC LIMIT 5;",No results
PS-138,How many In-Force policies have overdue next premium due date?,Temporal/Anomaly,policies,policy_status|next_premium_due_date,COUNT|WHERE|date(),SELECT COUNT(*) AS overdue_inforce FROM policies WHERE policy_status='In-Force' AND next_premium_due_date < date('now') AND next_premium_due_date IS NOT NULL AND next_premium_due_date != '';,ERROR: Execution failed on sql 'SELECT COUNT(*) AS overdue_inforce FROM policies WHERE policy_status='In-Force' AND next_premium_due_date < date('now') AND next_premium_due_date IS NOT NULL AND next_premium_due_date != '';': no such column: next_premium_due_date
PS-139,Which customers have filed more than one claim?,GroupBy/Having/Anomaly,claims,customer_id,COUNT|GROUP BY|HAVING,"SELECT customer_id, COUNT(*) AS claim_count FROM claims GROUP BY customer_id HAVING claim_count > 1 ORDER BY claim_count DESC;","customer_id  claim_count
19963674892            2
16052091481            2"
PS-140,Which claim type has the highest repudiation rate?,GroupBy/Conditional/Ranking,claims,claim_type|claim_status,CASE WHEN|SUM|COUNT|GROUP BY|ORDER BY,"SELECT claim_type, ROUND(100.0*SUM(CASE WHEN claim_status='Repudiated' THEN 1 ELSE 0 END)/COUNT(*),2) AS repudiation_pct FROM claims GROUP BY claim_type ORDER BY repudiation_pct DESC LIMIT 1;","  claim_type  repudiation_pct
THRYMBOLYSIS              0.0"
PS-141,Which product is most commonly sold by Bancassurance?,Filtering/GroupBy/Ranking,policies,sales_channel|product_name,COUNT|GROUP BY|ORDER BY,"SELECT product_name, COUNT(*) AS cnt FROM policies WHERE sales_channel='Bancassurance' GROUP BY product_name ORDER BY cnt DESC LIMIT 1;",No results
PS-142,What is the average number of riders per policy by product?,GroupBy/Average,policies,product_name|rider_count,AVG|GROUP BY,"SELECT product_name, ROUND(AVG(rider_count),2) AS avg_riders FROM policies GROUP BY product_name ORDER BY avg_riders DESC;","                                                                    product_name  avg_riders
                            Canara HSBC Life Insurance Wealth Edge - Invest Plus         0.0
                             Canara HSBC Life Insurance Smart Guaranteed Pension         0.0
                                    Canara HSBC Life Insurance Pension4Life Plan         0.0
 Canara HSBC Life Insurance Guaranteed Fortune Plan-Guaranteed Savings Option V3         0.0
Canara HSBC Life Insurance Guaranteed Fortune Plan - Guaranteed Savings OptionV1         0.0"
PS-143,What is the total NBP achieved per branch?,GroupBy/Sum,sales,branch_id|nbp_achieved,SUM|GROUP BY,"SELECT branch_id, ROUND(SUM(nbp_achieved),2) AS total_nbp FROM sales GROUP BY branch_id ORDER BY total_nbp DESC;","branch_id   total_nbp
    18735 17508775.00
    27241 11094533.30
    29280  9615000.51
    21026  8580000.59
    79401  8260000.00"
PS-144,What is the average target achievement by agent qualification?,GroupBy/Average,sales,qualification|target_achievement_pct,AVG|GROUP BY,"SELECT qualification, ROUND(AVG(target_achievement_pct),2) AS avg_achievement FROM sales GROUP BY qualification ORDER BY avg_achievement DESC;","qualification  avg_achievement
     Graduate            90.91"
PS-145,Which zone has the highest total sum assured for Term Life policies?,Filtering/GroupBy/Ranking,policies,zone|sum_assured|product_name,SUM|GROUP BY|WHERE|ORDER BY,"SELECT zone, SUM(sum_assured) AS total_sa FROM policies WHERE product_name='Term Life' GROUP BY zone ORDER BY total_sa DESC LIMIT 1;",No results
PS-146,What is the average annual premium for Direct vs Agency channel policies?,Filtering/GroupBy/Comparison,policies,sales_channel|annual_premium,AVG|GROUP BY|WHERE|IN,"SELECT sales_channel, ROUND(AVG(annual_premium),2) AS avg_premium FROM policies WHERE sales_channel IN ('Direct','Agency') GROUP BY sales_channel;",No results
PS-147,What is the total sum assured for medical underwritten policies?,Filtering/Sum,policies,medical_underwriting_flag|sum_assured,SUM|WHERE,"SELECT ROUND(SUM(sum_assured),2) AS total_sa_medical_uw FROM policies WHERE medical_underwriting_flag='Y';",21026553569.89
PS-148,What percentage of policies were sold online?,Conditional/Ratio,policies,sales_channel,SUM|COUNT|CASE WHEN,"SELECT ROUND(100.0*SUM(CASE WHEN sales_channel='Online' THEN 1 ELSE 0 END)/COUNT(*),2) AS online_pct FROM policies;",0.0
PS-149,How many policies per plan payment type (Regular vs Limited)?,Join/GroupBy/Count,policies|plans,premium_payment_type,JOIN|COUNT|GROUP BY,"SELECT pl.premium_payment_type, COUNT(po.policy_id) AS cnt FROM policies po JOIN plans pl ON po.plan_id=pl.plan_id GROUP BY pl.premium_payment_type ORDER BY cnt DESC;","ERROR: Execution failed on sql 'SELECT pl.premium_payment_type, COUNT(po.policy_id) AS cnt FROM policies po JOIN plans pl ON po.plan_id=pl.plan_id GROUP BY pl.premium_payment_type ORDER BY cnt DESC;': no such column: pl.premium_payment_type"
PS-150,What is the average sum assured for Regular vs Limited pay plans?,Join/GroupBy/Average,policies|plans,premium_payment_type|sum_assured,JOIN|AVG|GROUP BY,"SELECT pl.premium_payment_type, ROUND(AVG(po.sum_assured),2) AS avg_sa FROM policies po JOIN plans pl ON po.plan_id=pl.plan_id GROUP BY pl.premium_payment_type;","ERROR: Execution failed on sql 'SELECT pl.premium_payment_type, ROUND(AVG(po.sum_assured),2) AS avg_sa FROM policies po JOIN plans pl ON po.plan_id=pl.plan_id GROUP BY pl.premium_payment_type;': no such column: pl.premium_payment_type"
PS-151,What is the loss ratio (total claims / total premiums) by product?,Multi-Join/Derived-Metric,policies|claims,product_name|claim_amount|total_premium_paid,JOIN|SUM|GROUP BY,"SELECT pol.product_name, ROUND(SUM(cl.claim_amount)/SUM(pol.total_premium_paid),4) AS loss_ratio FROM policies pol JOIN claims cl ON pol.policy_number=cl.policy_number GROUP BY pol.product_name ORDER BY loss_ratio DESC;","                                                                    product_name  loss_ratio
                                    Canara HSBC Life Insurance Pension4Life Plan      9.4195
                                Canara HSBC Guaranteed Assured INcome-Short Term      2.2000
 Canara HSBC Life Insurance Guaranteed Fortune Plan-Guaranteed Savings Option V3      1.8001
Canara HSBC Life Insurance Guaranteed Fortune Plan - Guaranteed Savings OptionV1      1.7152
  Canara HSBC Life Insurance Guaranteed Fortune Plan - Guaranteed Savings Option      1.6609"
PS-152,What is the average claim-to-sum-assured ratio for settled claims?,Join/Derived-Metric/Filtering,claims|policies,claim_amount|sum_assured|claim_status,JOIN|AVG|WHERE,"SELECT ROUND(AVG(cl.claim_amount*1.0/pol.sum_assured),4) AS avg_claim_sa_ratio FROM claims cl JOIN policies pol ON cl.policy_number=pol.policy_number WHERE cl.claim_status='Settled';",None
PS-153,Which zone has the most diverse product mix?,GroupBy/Diversity,policies,zone|product_name,COUNT|DISTINCT|GROUP BY,"SELECT zone, COUNT(DISTINCT product_name) AS distinct_products FROM policies GROUP BY zone ORDER BY distinct_products DESC LIMIT 1;","       zone  distinct_products
West Bengal                 10"
PS-154,What is the average customer lifetime value proxy (total premiums) by income tier?,Join/Conditional/CLV,policies|customers,annual_income|total_premium_paid,JOIN|CASE WHEN|AVG|GROUP BY,"SELECT CASE WHEN c.annual_income < 1000000 THEN 'Low' WHEN c.annual_income < 3000000 THEN 'Mid' ELSE 'High' END AS income_tier, ROUND(AVG(p.total_premium_paid),2) AS avg_clv FROM policies p JOIN customers c ON p.customer_id=c.customer_id GROUP BY income_tier ORDER BY avg_clv DESC;","income_tier    avg_clv
       High 2121062.31
        Mid 1008985.15
        Low  444312.02"
PS-155,What percentage of medically underwritten policies are In-Force?,Filtering/Conditional/Ratio,policies,medical_underwriting_flag|policy_status,CASE WHEN|SUM|COUNT|WHERE,"SELECT ROUND(100.0*SUM(CASE WHEN policy_status='In-Force' THEN 1 ELSE 0 END)/COUNT(*),2) AS inforce_pct FROM policies WHERE medical_underwriting_flag='Y';",0.0
PS-156,What is the average annual premium for smoker vs non-smoker customers?,Join/GroupBy/Comparison,policies|customers,is_smoker|annual_premium,JOIN|AVG|GROUP BY,"SELECT c.is_smoker, ROUND(AVG(p.annual_premium),2) AS avg_premium FROM policies p JOIN customers c ON p.customer_id=c.customer_id GROUP BY c.is_smoker;","is_smoker  avg_premium
        N     92210.34
        Y     92367.75"
PS-157,What is the average time in years from policy issuance to claim?,Aggregation/Derived-Metric,claims,policy_tenure_at_claim_months,AVG|Derived,"SELECT ROUND(AVG(policy_tenure_at_claim_months/12.0),2) AS avg_years_to_claim FROM claims;",2.0
PS-158,Which month of the year sees the most policy issuances?,Time-Series/Seasonality,policies,issuance_date,COUNT|GROUP BY,"SELECT SUBSTR(issuance_date,6,2) AS month, COUNT(*) AS cnt FROM policies GROUP BY month ORDER BY cnt DESC LIMIT 1;","month   cnt
   20 15803"
PS-159,What is the claim frequency (claims per policy) by sales channel?,Join/Derived-Metric/Comparison,policies|claims,sales_channel|claim_id,LEFT JOIN|COUNT|DISTINCT|GROUP BY,"SELECT pol.sales_channel, ROUND(COUNT(cl.claim_id)*1.0/COUNT(DISTINCT pol.policy_id),4) AS claim_frequency FROM policies pol LEFT JOIN claims cl ON pol.policy_number=cl.policy_number GROUP BY pol.sales_channel ORDER BY claim_frequency DESC;","ERROR: Execution failed on sql 'SELECT pol.sales_channel, ROUND(COUNT(cl.claim_id)*1.0/COUNT(DISTINCT pol.policy_id),4) AS claim_frequency FROM policies pol LEFT JOIN claims cl ON pol.policy_number=cl.policy_number GROUP BY pol.sales_channel ORDER BY claim_frequency DESC;': no such column: cl.claim_id"
PS-160,What is the average FTR rate by branch for agents?,GroupBy/Average,sales,branch_id|ftr_rate,AVG|GROUP BY,"SELECT branch_id, ROUND(AVG(ftr_rate),4) AS avg_ftr FROM sales GROUP BY branch_id ORDER BY avg_ftr DESC;","branch_id  avg_ftr
    99995     92.5
    99993     92.5
    99977     92.5
    99845     92.5
    99833     92.5"
PS-161,How many health claims were repudiated?,Multi-Condition/Count,claims,claim_type|claim_status,COUNT|WHERE,SELECT COUNT(*) AS repudiated_health_claims FROM claims WHERE claim_type='Health Claim' AND claim_status='Repudiated';,0
PS-162,What is the average sum assured for policies in the North zone?,Filtering/Average,policies,zone|sum_assured,AVG|WHERE,"SELECT ROUND(AVG(sum_assured),2) AS avg_sa_north FROM policies WHERE zone='North';",None
PS-163,What is the average sum assured for policies in the South zone?,Filtering/Average,policies,zone|sum_assured,AVG|WHERE,"SELECT ROUND(AVG(sum_assured),2) AS avg_sa_south FROM policies WHERE zone='South';",None
PS-164,How many agents joined after 2015?,Filtering/Count,sales,date_of_joining,COUNT|WHERE,SELECT COUNT(*) AS agents_post_2015 FROM sales WHERE date_of_joining > '2015-12-31';,ERROR: Execution failed on sql 'SELECT COUNT(*) AS agents_post_2015 FROM sales WHERE date_of_joining > '2015-12-31';': no such column: date_of_joining
PS-165,What is the total premium paid for Endowment policies?,Filtering/Sum,policies,product_name|total_premium_paid,SUM|WHERE,"SELECT ROUND(SUM(total_premium_paid),2) AS total_endowment_premium FROM policies WHERE product_name='Endowment';",None
PS-166,How many critical illness claims were filed?,Filtering/Count,claims,claim_type,COUNT|WHERE,SELECT COUNT(*) AS critical_illness_claims FROM claims WHERE claim_type='Critical Illness Claim';,0
PS-167,What is the average policy tenure for matured policies?,Filtering/Average,policies,policy_status|policy_tenure_years,AVG|WHERE,"SELECT ROUND(AVG(policy_tenure_years),2) AS avg_tenure_matured FROM policies WHERE policy_status='Matured';",None
PS-168,How many customers have more than 2 policies?,GroupBy/Having/Count,policies,customer_id,COUNT|GROUP BY|HAVING|Subquery,SELECT COUNT(*) AS multi_policy_customers FROM (SELECT customer_id FROM policies GROUP BY customer_id HAVING COUNT(*) > 2);,6
PS-169,What is the average annual premium by payment mode?,GroupBy/Comparison,policies,payment_mode|annual_premium,AVG|GROUP BY,"SELECT payment_mode, ROUND(AVG(annual_premium),2) AS avg_premium FROM policies GROUP BY payment_mode ORDER BY avg_premium DESC;","  payment_mode  avg_premium
   Credit Card     96367.10
ECS/Auto-Debit     93458.17
        Cheque     92792.55
    Online/UPI     90200.01
          Cash     89534.21"
PS-170,What is the maximum claim amount among death claims?,Filtering/Max,claims,claim_type|claim_amount,MAX|WHERE,SELECT MAX(claim_amount) AS max_death_claim FROM claims WHERE claim_type='Death Claim';,None
PS-171,What is the total sum assured sold by active agents?,Filtering/Sum,sales,employment_status|sum_assured_sold,SUM|WHERE,"SELECT ROUND(SUM(sum_assured_sold),2) AS total_sa_active_agents FROM sales WHERE employment_status='Active';","ERROR: Execution failed on sql 'SELECT ROUND(SUM(sum_assured_sold),2) AS total_sa_active_agents FROM sales WHERE employment_status='Active';': no such column: sum_assured_sold"
PS-172,Which state has the highest lapse rate?,GroupBy/Conditional/Ranking,policies,state|policy_status,CASE WHEN|SUM|COUNT|GROUP BY|ORDER BY,"SELECT state, ROUND(100.0*SUM(CASE WHEN policy_status='Lapsed' THEN 1 ELSE 0 END)/COUNT(*),2) AS lapse_pct FROM policies GROUP BY state ORDER BY lapse_pct DESC LIMIT 1;"," state  lapse_pct
Sikkim       25.0"
PS-173,What is the average BMI of customers with matured policies?,Join/Filtering/Average,policies|customers,bmi|policy_status,JOIN|AVG|WHERE,"SELECT ROUND(AVG(c.bmi),2) AS avg_bmi_matured FROM policies p JOIN customers c ON p.customer_id=c.customer_id WHERE p.policy_status='Matured';",None
PS-174,How many policies have zero premiums paid count?,Filtering/Count,policies,premiums_paid_count,COUNT|WHERE,SELECT COUNT(*) AS zero_premium_paid FROM policies WHERE premiums_paid_count=0;,0
PS-175,What is the average claim amount for Critical Illness claims?,Filtering/Average,claims,claim_type|claim_amount,AVG|WHERE,"SELECT ROUND(AVG(claim_amount),2) AS avg_ci_claim FROM claims WHERE claim_type='Critical Illness Claim';",None
PS-176,What is the surrender claim payout as a fraction of total claim payout?,Conditional/Ratio,claims,claim_type|claim_amount,SUM|CASE WHEN,"SELECT ROUND(SUM(CASE WHEN claim_type='Surrender Claim' THEN claim_amount ELSE 0 END)*100.0/SUM(claim_amount),2) AS surrender_pct FROM claims;",0.0
PS-177,How many policies are there per branch (top 5)?,GroupBy/TopN,policies,branch_id|branch_name,COUNT|GROUP BY|ORDER BY,"SELECT branch_id, branch_name, COUNT(*) AS cnt FROM policies GROUP BY branch_id, branch_name ORDER BY cnt DESC LIMIT 5;","ERROR: Execution failed on sql 'SELECT branch_id, branch_name, COUNT(*) AS cnt FROM policies GROUP BY branch_id, branch_name ORDER BY cnt DESC LIMIT 5;': no such column: branch_name"
PS-178,What is the average annual premium for ULIP products?,Filtering/Average,policies,product_name|annual_premium,AVG|WHERE,"SELECT ROUND(AVG(annual_premium),2) AS avg_ulip_premium FROM policies WHERE product_name='ULIP';",None
PS-179,What is the ratio of death claims to total policies?,Ratio/Cross-Count,claims|policies,claim_type,COUNT|Subquery,"SELECT ROUND(100.0*(SELECT COUNT(*) FROM claims WHERE claim_type='Death Claim')/COUNT(*),4) AS death_claim_rate_pct FROM policies;",0.0
PS-180,How many customers have no associated policy?,Anti-Join/Count,customers|policies,customer_id,COUNT|NOT IN|Subquery,SELECT COUNT(*) AS customers_without_policy FROM customers WHERE customer_id NOT IN (SELECT DISTINCT customer_id FROM policies);,0
PS-181,What is the average sum assured for policies held by widowed vs married customers?,Join/Filtering/Comparison,policies|customers,marital_status|sum_assured,JOIN|AVG|GROUP BY|WHERE,"SELECT c.marital_status, ROUND(AVG(p.sum_assured),2) AS avg_sa FROM policies p JOIN customers c ON p.customer_id=c.customer_id WHERE c.marital_status IN ('Married','Widowed') GROUP BY c.marital_status;","marital_status    avg_sa
       Married 840803.57"
PS-182,What is the average annual income for customers in each zone?,Join/GroupBy/Average,policies|customers,zone|annual_income,JOIN|AVG|GROUP BY,"SELECT p.zone, ROUND(AVG(c.annual_income),2) AS avg_income FROM policies p JOIN customers c ON p.customer_id=c.customer_id GROUP BY p.zone ORDER BY avg_income DESC;","         zone  avg_income
  Maharashtra  2518923.56
Uttar Pradesh  2479355.66
          NRI  2114285.71
    Telangana  1816905.89
   Chandigarh  1766833.33"
PS-183,What is the proportion of female policyholders by product?,Join/Conditional/Ratio,policies|customers,product_name|gender,JOIN|SUM|CASE WHEN|GROUP BY,"SELECT p.product_name, ROUND(100.0*SUM(CASE WHEN c.gender='Female' THEN 1 ELSE 0 END)/COUNT(*),2) AS female_pct FROM policies p JOIN customers c ON p.customer_id=c.customer_id GROUP BY p.product_name ORDER BY female_pct DESC;","                                                                    product_name  female_pct
                            Canara HSBC Life Insurance Wealth Edge - Invest Plus         0.0
                             Canara HSBC Life Insurance Smart Guaranteed Pension         0.0
                                    Canara HSBC Life Insurance Pension4Life Plan         0.0
 Canara HSBC Life Insurance Guaranteed Fortune Plan-Guaranteed Savings Option V3         0.0
Canara HSBC Life Insurance Guaranteed Fortune Plan - Guaranteed Savings OptionV1         0.0"
PS-184,What is the average claim amount for customers aged above 50?,Join/Filtering/Average,claims|customers,age|claim_amount,JOIN|AVG|WHERE,"SELECT ROUND(AVG(cl.claim_amount),2) AS avg_claim_above_50 FROM claims cl JOIN customers c ON cl.customer_id=c.customer_id WHERE c.age > 50;",742823.28
PS-185,What is the average claim amount for customers aged below 40?,Join/Filtering/Average,claims|customers,age|claim_amount,JOIN|AVG|WHERE,"SELECT ROUND(AVG(cl.claim_amount),2) AS avg_claim_below_40 FROM claims cl JOIN customers c ON cl.customer_id=c.customer_id WHERE c.age < 40;",564061.87
PS-186,How does the lapse rate compare across income tiers?,Join/Conditional/Comparison,policies|customers,annual_income|policy_status,JOIN|CASE WHEN|SUM|COUNT|GROUP BY,"SELECT CASE WHEN c.annual_income < 1000000 THEN 'Low' WHEN c.annual_income < 3000000 THEN 'Mid' ELSE 'High' END AS income_tier, ROUND(100.0*SUM(CASE WHEN p.policy_status='Lapsed' THEN 1 ELSE 0 END)/COUNT(*),2) AS lapse_pct FROM policies p JOIN customers c ON p.customer_id=c.customer_id GROUP BY income_tier ORDER BY lapse_pct DESC;","income_tier  lapse_pct
        Low      12.88
       High       4.61
        Mid       4.00"
PS-187,What is the average sum assured per policy sold by the best agent?,Join/GroupBy/Ranking,policies|sales,full_name|sum_assured,JOIN|AVG|GROUP BY|ORDER BY,"SELECT s.full_name, ROUND(AVG(p.sum_assured),2) AS avg_sa FROM policies p JOIN sales s ON p.servicing_agent_id=s.sales_person_id GROUP BY s.full_name ORDER BY avg_sa DESC LIMIT 1;","ERROR: Execution failed on sql 'SELECT s.full_name, ROUND(AVG(p.sum_assured),2) AS avg_sa FROM policies p JOIN sales s ON p.servicing_agent_id=s.sales_person_id GROUP BY s.full_name ORDER BY avg_sa DESC LIMIT 1;': no such column: s.sales_person_id"
PS-188,What is the claim resolution rate by year?,Time-Series/Conditional/Ratio,claims,claim_date|claim_status,CASE WHEN|SUM|COUNT|GROUP BY,"SELECT SUBSTR(claim_date,1,4) AS year, ROUND(100.0*SUM(CASE WHEN claim_status='Settled' THEN 1 ELSE 0 END)/COUNT(*),2) AS resolution_rate_pct FROM claims GROUP BY year ORDER BY year;","year  resolution_rate_pct
01-F                  0.0
01-M                  0.0
02-A                  0.0
02-F                  0.0
02-M                  0.0"
PS-189,What is the average persistency rate per branch?,GroupBy/Average,sales,branch_id|persistency_rate,AVG|GROUP BY,"SELECT branch_id, ROUND(AVG(persistency_rate),4) AS avg_persistency FROM sales GROUP BY branch_id ORDER BY avg_persistency DESC;","branch_id  avg_persistency
    97882            100.0
    97050            100.0
    95891            100.0
    95870            100.0
    95855            100.0"
PS-190,What is the total claim amount for Agency-channel policies?,Join/Filtering/Sum,claims|policies,sales_channel|claim_amount,JOIN|SUM|WHERE,"SELECT ROUND(SUM(cl.claim_amount),2) AS total_agency_claims FROM claims cl JOIN policies pol ON cl.policy_number=pol.policy_number WHERE pol.sales_channel='Agency';",None
PS-191,What is the market share of each product by policy count?,Distribution/Window,policies,product_name,COUNT|WINDOW|GROUP BY,"SELECT product_name, COUNT(*) AS cnt, ROUND(100.0*COUNT(*)/SUM(COUNT(*)) OVER(),2) AS market_share_pct FROM policies GROUP BY product_name ORDER BY cnt DESC;","                                                                    product_name  cnt  market_share_pct
 Canara HSBC Life Insurance Guaranteed Fortune Plan-Guaranteed Savings Option V3 7932             31.73
Canara HSBC Life Insurance Guaranteed Fortune Plan - Guaranteed Savings OptionV1 4721             18.88
                            Canara HSBC Life Insurance Wealth Edge - Invest Plus 4003             16.01
  Canara HSBC Life Insurance Guaranteed Fortune Plan - Guaranteed Savings Option 2587             10.35
                             Canara HSBC Life Insurance Smart Guaranteed Pension 2054              8.22"
PS-192,What is the average policy tenure for each product?,GroupBy/Average,policies,product_name|policy_tenure_years,AVG|GROUP BY,"SELECT product_name, ROUND(AVG(policy_tenure_years),2) AS avg_tenure FROM policies GROUP BY product_name ORDER BY avg_tenure DESC;","                                         product_name  avg_tenure
  Canara HSBC Life Insurance Smart Guaranteed Pension       99.00
         Canara HSBC Life Insurance Pension4Life Plan       99.00
      Canara HSBC Guaranteed Assured INcome-Long Term       26.63
     Canara HSBC Guaranteed Assured INcome-Short Term       13.94
Canara HSBC Life Insurance Flexi Edge - Flexi Savings       13.85"
PS-193,Which product generates the most total sum assured?,GroupBy/Ranking,policies,product_name|sum_assured,SUM|GROUP BY|ORDER BY,"SELECT product_name, SUM(sum_assured) AS total_sa FROM policies GROUP BY product_name ORDER BY total_sa DESC LIMIT 1;","                                        product_name     total_sa
Canara HSBC Life Insurance Wealth Edge - Invest Plus 7839157503.0"
PS-194,What is the average claim amount per product category?,Multi-Join/GroupBy/Average,claims|policies|products,product_category|claim_amount,JOIN|AVG|GROUP BY,"SELECT pr.product_category, ROUND(AVG(cl.claim_amount),2) AS avg_claim FROM claims cl JOIN policies pol ON cl.policy_number=pol.policy_number JOIN products pr ON pol.product_id=pr.product_id GROUP BY pr.product_category ORDER BY avg_claim DESC;","ERROR: Execution failed on sql 'SELECT pr.product_category, ROUND(AVG(cl.claim_amount),2) AS avg_claim FROM claims cl JOIN policies pol ON cl.policy_number=pol.policy_number JOIN products pr ON pol.product_id=pr.product_id GROUP BY pr.product_category ORDER BY avg_claim DESC;': no such column: pol.product_id"
PS-195,How many policies exist per product category?,Join/GroupBy/Count,policies|products,product_category,JOIN|COUNT|GROUP BY,"SELECT pr.product_category, COUNT(po.policy_id) AS cnt FROM policies po JOIN products pr ON po.product_id=pr.product_id GROUP BY pr.product_category ORDER BY cnt DESC;","ERROR: Execution failed on sql 'SELECT pr.product_category, COUNT(po.policy_id) AS cnt FROM policies po JOIN products pr ON po.product_id=pr.product_id GROUP BY pr.product_category ORDER BY cnt DESC;': no such column: po.product_id"
PS-196,What is the average premium rate for products with maturity benefit?,Filtering/Average,products,has_maturity_benefit|premium_rate_per_1000,AVG|WHERE,"SELECT ROUND(AVG(premium_rate_per_1000),2) AS avg_rate_with_maturity FROM products WHERE has_maturity_benefit='Y';","ERROR: Execution failed on sql 'SELECT ROUND(AVG(premium_rate_per_1000),2) AS avg_rate_with_maturity FROM products WHERE has_maturity_benefit='Y';': no such column: premium_rate_per_1000"
PS-197,Which products have both surrender value and maturity benefit?,Multi-Condition/Filter,products,has_surrender_value|has_maturity_benefit,WHERE,SELECT product_name FROM products WHERE has_surrender_value='Y' AND has_maturity_benefit='Y';,ERROR: Execution failed on sql 'SELECT product_name FROM products WHERE has_surrender_value='Y' AND has_maturity_benefit='Y';': no such column: has_surrender_value
PS-198,What is the total NBP achieved vs target for all agents combined?,Aggregation/Derived-Metric,sales,nbp_achieved|nbp_target,SUM|Derived Ratio,"SELECT ROUND(SUM(nbp_achieved),2) AS total_nbp_achieved, ROUND(SUM(nbp_target),2) AS total_nbp_target, ROUND(100.0*SUM(nbp_achieved)/SUM(nbp_target),2) AS overall_achievement_pct FROM sales;"," total_nbp_achieved  total_nbp_target  overall_achievement_pct
       2.306203e+09      2.536823e+09                    90.91"
PS-199,What is the claim rate for policies where the customer is a smoker?,Join/Conditional/Ratio,policies|customers|claims,is_smoker|policy_number,JOIN|LEFT JOIN|COUNT|DISTINCT|WHERE,"SELECT ROUND(100.0*COUNT(DISTINCT cl.policy_number)/COUNT(DISTINCT pol.policy_number),4) AS smoker_claim_rate_pct FROM policies pol JOIN customers c ON pol.customer_id=c.customer_id LEFT JOIN claims cl ON pol.policy_number=cl.policy_number WHERE c.is_smoker='Y';",0.6605
PS-200,What is the claim rate for non-smoker policies?,Join/Conditional/Ratio,policies|customers|claims,is_smoker|policy_number,JOIN|LEFT JOIN|COUNT|DISTINCT|WHERE,"SELECT ROUND(100.0*COUNT(DISTINCT cl.policy_number)/COUNT(DISTINCT pol.policy_number),4) AS non_smoker_claim_rate_pct FROM policies pol JOIN customers c ON pol.customer_id=c.customer_id LEFT JOIN claims cl ON pol.policy_number=cl.policy_number WHERE c.is_smoker='N';",0.5049
PS-201,What is the average age of customers who bought Whole Life policies?,Join/Filtering/Average,policies|customers,product_name|age,JOIN|AVG|WHERE,"SELECT ROUND(AVG(c.age),2) AS avg_age_whole_life FROM policies p JOIN customers c ON p.customer_id=c.customer_id WHERE p.product_name='Whole Life';",None
PS-202,What is the total claim amount for early claims only?,Filtering/Sum,claims,is_early_claim|claim_amount,SUM|WHERE,"SELECT ROUND(SUM(claim_amount),2) AS total_early_claim_amount FROM claims WHERE is_early_claim=1;",None
PS-203,What proportion of Annuity policies are in-force?,Filtering/Conditional/Ratio,policies,product_name|policy_status,CASE WHEN|SUM|COUNT|WHERE,"SELECT ROUND(100.0*SUM(CASE WHEN policy_status='In-Force' THEN 1 ELSE 0 END)/COUNT(*),2) AS inforce_pct FROM policies WHERE product_name='Annuity';",None
PS-204,What is the average premiums paid count for In-Force vs Lapsed policies?,Filtering/GroupBy/Comparison,policies,policy_status|premiums_paid_count,AVG|GROUP BY|WHERE,"SELECT policy_status, ROUND(AVG(premiums_paid_count),2) AS avg_ppc FROM policies WHERE policy_status IN ('In-Force','Lapsed') GROUP BY policy_status;","policy_status  avg_ppc
       Lapsed     7.66"
PS-205,How many claim-free agents (claim_rate=0) are there per branch?,Filtering/GroupBy/Count,sales,branch_id|claim_rate,COUNT|WHERE|GROUP BY,"SELECT branch_id, COUNT(*) AS zero_claim_agents FROM sales WHERE claim_rate=0 GROUP BY branch_id ORDER BY zero_claim_agents DESC;","branch_id  zero_claim_agents
    72273                  3
    11913                  3
    94515                  2
    94491                  2
    92659                  2"
PS-206,What is the average policy tenure for Child Plan policies?,Filtering/Average,policies,product_name|policy_tenure_years,AVG|WHERE,"SELECT ROUND(AVG(policy_tenure_years),2) AS avg_tenure_child_plan FROM policies WHERE product_name='Child Plan';",None
PS-207,What is the policy status distribution within each zone?,GroupBy/Window/Distribution,policies,zone|policy_status,COUNT|WINDOW|PARTITION BY|GROUP BY,"SELECT zone, policy_status, COUNT(*) AS cnt, ROUND(100.0*COUNT(*)/SUM(COUNT(*)) OVER(PARTITION BY zone),2) AS pct_in_zone FROM policies GROUP BY zone, policy_status ORDER BY zone, cnt DESC;","                       zone            policy_status  cnt  pct_in_zone
                       None Premium paying (regular)    1       100.00
Andaman and Nicobar Islands Premium paying (regular)   23       100.00
             Andhra Pradesh Premium paying (regular) 1035        84.21
             Andhra Pradesh                   Lapsed  178        14.48
             Andhra Pradesh              Surrendered   11         0.90"
PS-208,How many customers made a claim within the first 2 years of their policy?,Filtering/Count,claims,policy_tenure_at_claim_months,COUNT|WHERE,SELECT COUNT(*) AS early_claimants FROM claims WHERE policy_tenure_at_claim_months <= 24;,134
PS-209,What is the average sum assured for policies by nominee relation?,GroupBy/Average,policies,nominee_relation|sum_assured,AVG|GROUP BY,"SELECT nominee_relation, ROUND(AVG(sum_assured),2) AS avg_sa FROM policies GROUP BY nominee_relation ORDER BY avg_sa DESC;","nominee_relation    avg_sa
          Spouse 841062.14"
PS-210,Which agent branch has the highest average target achievement?,GroupBy/Ranking,sales,branch_id|target_achievement_pct,AVG|GROUP BY|ORDER BY,"SELECT branch_id, ROUND(AVG(target_achievement_pct),2) AS avg_achievement FROM sales GROUP BY branch_id ORDER BY avg_achievement DESC LIMIT 1;","branch_id  avg_achievement
    99995            90.91"
PS-211,What is the total maturity claim amount paid out?,Multi-Condition/Sum,claims,claim_type|claim_status|claim_amount,SUM|WHERE,"SELECT ROUND(SUM(claim_amount),2) AS total_maturity_payout FROM claims WHERE claim_type='Maturity Claim' AND claim_status='Settled';",None
PS-212,What is the average sum assured for policies maturing within the next 5 years?,Temporal/Filtering/Average,policies,maturity_date|sum_assured|policy_status,AVG|WHERE|date(),"SELECT ROUND(AVG(sum_assured),2) AS avg_sa_maturing_soon FROM policies WHERE maturity_date <= date('now', '+5 years') AND policy_status='In-Force';",None
PS-213,Which product has the most claims under investigation?,Join/Filtering/Ranking,claims|policies,product_name|claim_status,JOIN|COUNT|WHERE|GROUP BY|ORDER BY,"SELECT pol.product_name, COUNT(*) AS under_investigation FROM claims cl JOIN policies pol ON cl.policy_number=pol.policy_number WHERE cl.claim_status='Under Investigation' GROUP BY pol.product_name ORDER BY under_investigation DESC LIMIT 1;",No results
PS-214,What is the average annual premium for customers with BMI above 30?,Join/Filtering/Average,policies|customers,bmi|annual_premium,JOIN|AVG|WHERE,"SELECT ROUND(AVG(p.annual_premium),2) AS avg_premium_obese FROM policies p JOIN customers c ON p.customer_id=c.customer_id WHERE c.bmi > 30;",None
PS-215,How many total claims per medical diagnosis type?,Filtering/GroupBy/Count,claims,medical,COUNT|GROUP BY|WHERE,"SELECT medical, COUNT(*) AS cnt FROM claims WHERE medical IS NOT NULL AND medical != '' GROUP BY medical ORDER BY cnt DESC;","medical  cnt
      Y  134"
PS-216,What is the average number of policies sold per active agent?,Filtering/Average,sales,policies_sold|employment_status,AVG|WHERE,"SELECT ROUND(AVG(policies_sold),2) AS avg_policies_per_agent FROM sales WHERE employment_status='Active';",12.98
PS-217,What is the total premium collected for quarterly payment mode policies?,Filtering/Sum,policies,payment_mode|total_premium_paid,SUM|WHERE,"SELECT ROUND(SUM(total_premium_paid),2) AS total_quarterly_premium FROM policies WHERE payment_mode='Quarterly';",None
PS-218,What percentage of claims are settled for each claim type?,GroupBy/Conditional/Ratio,claims,claim_type|claim_status,CASE WHEN|SUM|COUNT|GROUP BY,"SELECT claim_type, ROUND(100.0*SUM(CASE WHEN claim_status='Settled' THEN 1 ELSE 0 END)/COUNT(*),2) AS settlement_pct FROM claims GROUP BY claim_type ORDER BY settlement_pct DESC;","              claim_type  settlement_pct
            THRYMBOLYSIS             0.0
Sepsis with Septic Shock             0.0
                 SUICIDE             0.0
            SUDDEN DEATH             0.0
   SUDDEN CARDIAC ARREST             0.0"
PS-219,What is the average annual premium for 20-year tenure policies?,Filtering/Average,policies,policy_tenure_years|annual_premium,AVG|WHERE,"SELECT ROUND(AVG(annual_premium),2) AS avg_premium_20yr FROM policies WHERE policy_tenure_years=20;",95802.75
PS-220,Which branch has the highest average NBP achieved per agent?,GroupBy/Ranking,sales,branch_id|nbp_achieved,AVG|GROUP BY|ORDER BY,"SELECT branch_id, ROUND(AVG(nbp_achieved),2) AS avg_nbp FROM sales GROUP BY branch_id ORDER BY avg_nbp DESC LIMIT 1;","branch_id    avg_nbp
    18735 17508775.0"
PS-221,What is the total sum assured for policies issued after 2020?,Temporal/Filtering/Sum,policies,issuance_date|sum_assured,SUM|WHERE,SELECT SUM(sum_assured) AS total_sa_post_2020 FROM policies WHERE issuance_date > '2020-12-31';,11022338575.93
PS-222,"How many policies have annual premium above 100,000?",Filtering/Count,policies,annual_premium,COUNT|WHERE,SELECT COUNT(*) AS high_premium_policies FROM policies WHERE annual_premium > 100000;,6381
PS-223,What proportion of post-graduate agents exceed their target?,Filtering/Conditional/Ratio,sales,qualification|target_achievement_pct,CASE WHEN|SUM|COUNT|WHERE,"SELECT ROUND(100.0*SUM(CASE WHEN target_achievement_pct>100 THEN 1 ELSE 0 END)/COUNT(*),2) AS pct_over_target FROM sales WHERE qualification='Post Graduate';",None
PS-224,What is the average sum assured for policies issued before 2015?,Temporal/Filtering/Average,policies,issuance_date|sum_assured,AVG|WHERE,"SELECT ROUND(AVG(sum_assured),2) AS avg_sa_pre_2015 FROM policies WHERE issuance_date < '2015-01-01';",813416.94
PS-225,Which product has the highest average annual premium?,GroupBy/Ranking,policies,product_name|annual_premium,AVG|GROUP BY|ORDER BY,"SELECT product_name, ROUND(AVG(annual_premium),2) AS avg_premium FROM policies GROUP BY product_name ORDER BY avg_premium DESC LIMIT 1;","                                        product_name  avg_premium
Canara HSBC Life Insurance Wealth Edge - Invest Plus     207525.7"
PS-226,What is the average BMI of customers who bought Term Life?,Join/Filtering/Average,policies|customers,product_name|bmi,JOIN|AVG|WHERE,"SELECT ROUND(AVG(c.bmi),2) AS avg_bmi_term_life FROM policies p JOIN customers c ON p.customer_id=c.customer_id WHERE p.product_name='Term Life';",None
PS-227,How many policies exist per premium paying term (years)?,GroupBy/Distribution,policies,premium_paying_term_years,COUNT|GROUP BY,"SELECT premium_paying_term_years, COUNT(*) AS cnt FROM policies GROUP BY premium_paying_term_years ORDER BY premium_paying_term_years;"," premium_paying_term_years   cnt
                         1    11
                         4   998
                         5 11468
                         6    66
                         7  4783"
PS-228,What is the total NBP target set per branch?,GroupBy/Sum,sales,branch_id|nbp_target,SUM|GROUP BY,"SELECT branch_id, ROUND(SUM(nbp_target),2) AS total_target FROM sales GROUP BY branch_id ORDER BY total_target DESC;","branch_id  total_target
    18735   19259652.50
    27241   12203986.63
    29280   10576500.56
    21026    9438000.65
    79401    9086000.00"
PS-229,What percentage of policies are paid-up?,Conditional/Ratio,policies,policy_status,CASE WHEN|SUM|COUNT,"SELECT ROUND(100.0*SUM(CASE WHEN policy_status='Paid-up' THEN 1 ELSE 0 END)/COUNT(*),2) AS paid_up_pct FROM policies;",0.0
PS-230,What is the average sum assured for Child Plan vs other products?,Conditional/Comparison,policies,product_name|sum_assured,CASE WHEN|AVG|GROUP BY,"SELECT CASE WHEN product_name='Child Plan' THEN 'Child Plan' ELSE 'Other' END AS segment, ROUND(AVG(sum_assured),2) AS avg_sa FROM policies GROUP BY segment;","segment    avg_sa
  Other 841062.14"
PS-231,Which zone has the best claim settlement rate?,Join/Conditional/Ranking,claims|policies,zone|claim_status,JOIN|CASE WHEN|SUM|COUNT|GROUP BY|ORDER BY,"SELECT pol.zone, ROUND(100.0*SUM(CASE WHEN cl.claim_status='Settled' THEN 1 ELSE 0 END)/COUNT(*),2) AS settlement_pct FROM claims cl JOIN policies pol ON cl.policy_number=pol.policy_number GROUP BY pol.zone ORDER BY settlement_pct DESC LIMIT 1;","       zone  settlement_pct
West Bengal             0.0"
PS-232,What is the premium-to-income ratio by marital status?,Join/Derived-Metric/GroupBy,policies|customers,marital_status|annual_premium|annual_income,JOIN|AVG|GROUP BY|Derived Ratio,"SELECT c.marital_status, ROUND(AVG(p.annual_premium*1.0/c.annual_income),4) AS avg_premium_income_ratio FROM policies p JOIN customers c ON p.customer_id=c.customer_id WHERE c.annual_income > 0 GROUP BY c.marital_status ORDER BY avg_premium_income_ratio DESC;","marital_status  avg_premium_income_ratio
        Single                    0.1276
       Married                    0.1241"
PS-233,How many policies have both medical underwriting AND riders?,Multi-Condition/Count,policies,medical_underwriting_flag|rider_count,COUNT|WHERE,SELECT COUNT(*) AS med_uw_with_riders FROM policies WHERE medical_underwriting_flag='Y' AND rider_count > 0;,0
PS-234,What is the average sum assured for Online channel policies?,Filtering/Average,policies,sales_channel|sum_assured,AVG|WHERE,"SELECT ROUND(AVG(sum_assured),2) AS avg_sa_online FROM policies WHERE sales_channel='Online';",None
PS-235,Which product has the most early claims?,Join/Filtering/Ranking,claims|policies,product_name|is_early_claim,JOIN|COUNT|WHERE|GROUP BY|ORDER BY,"SELECT pol.product_name, COUNT(*) AS early_claims FROM claims cl JOIN policies pol ON cl.policy_number=pol.policy_number WHERE cl.is_early_claim=1 GROUP BY pol.product_name ORDER BY early_claims DESC LIMIT 1;",No results
PS-236,What is the total sum assured for female customers?,Join/Filtering/Sum,policies|customers,gender|sum_assured,JOIN|SUM|WHERE,SELECT SUM(p.sum_assured) AS total_sa_female FROM policies p JOIN customers c ON p.customer_id=c.customer_id WHERE c.gender='Female';,None
PS-237,What is the premium difference between smoker and non-smoker customers on average?,Join/Derived-Metric/Comparison,policies|customers,is_smoker|annual_premium,JOIN|AVG|CASE WHEN|Subquery,"SELECT MAX(CASE WHEN is_smoker='Y' THEN avg_p END) - MAX(CASE WHEN is_smoker='N' THEN avg_p END) AS premium_diff FROM (SELECT c.is_smoker, ROUND(AVG(p.annual_premium),2) AS avg_p FROM policies p JOIN customers c ON p.customer_id=c.customer_id GROUP BY c.is_smoker) t;",157.41
PS-238,What percentage of Health Rider policies are In-Force?,Filtering/Conditional/Ratio,policies,product_name|policy_status,CASE WHEN|SUM|COUNT|WHERE,"SELECT ROUND(100.0*SUM(CASE WHEN policy_status='In-Force' THEN 1 ELSE 0 END)/COUNT(*),2) AS inforce_pct FROM policies WHERE product_name='Health Rider';",None
PS-239,How many distinct cities are covered by policyholders?,Aggregation/Distinct,policies,location_city,COUNT|DISTINCT,SELECT COUNT(DISTINCT location_city) AS distinct_cities FROM policies;,ERROR: Execution failed on sql 'SELECT COUNT(DISTINCT location_city) AS distinct_cities FROM policies;': no such column: location_city
PS-240,What is the average total premium paid for surrendered policies?,Filtering/Average,policies,policy_status|total_premium_paid,AVG|WHERE,"SELECT ROUND(AVG(total_premium_paid),2) AS avg_premium_surrendered FROM policies WHERE policy_status='Surrendered';",424557.55
PS-241,What is the total sum assured for policies in the Central zone?,Filtering/Sum,policies,zone|sum_assured,SUM|WHERE,SELECT SUM(sum_assured) AS total_sa_central FROM policies WHERE zone='Central';,None
PS-242,What is the average age of customers who filed death claims?,Join/Filtering/Average,claims|customers,age|claim_type,JOIN|AVG|WHERE,"SELECT ROUND(AVG(c.age),2) AS avg_age_death_claim FROM claims cl JOIN customers c ON cl.customer_id=c.customer_id WHERE cl.claim_type='Death Claim';",None
PS-243,How many policies have a 30-year tenure?,Filtering/Count,policies,policy_tenure_years,COUNT|WHERE,SELECT COUNT(*) AS policies_30yr FROM policies WHERE policy_tenure_years=30;,125
PS-244,What is the total premiums paid by customers in Mumbai?,Filtering/Sum,policies,location_city|total_premium_paid,SUM|WHERE,"SELECT ROUND(SUM(total_premium_paid),2) AS total_premium_mumbai FROM policies WHERE location_city='Mumbai';","ERROR: Execution failed on sql 'SELECT ROUND(SUM(total_premium_paid),2) AS total_premium_mumbai FROM policies WHERE location_city='Mumbai';': no such column: location_city"
PS-245,Which nominee relation has the highest average claim amount?,Join/GroupBy/Ranking,claims|policies,nominee_relation|claim_amount,JOIN|AVG|GROUP BY|ORDER BY,"SELECT pol.nominee_relation, ROUND(AVG(cl.claim_amount),2) AS avg_claim FROM claims cl JOIN policies pol ON cl.policy_number=pol.policy_number GROUP BY pol.nominee_relation ORDER BY avg_claim DESC LIMIT 1;","nominee_relation  avg_claim
          Spouse  694259.26"
PS-246,What is the total claim amount for repudiated claims?,Filtering/Sum,claims,claim_status|claim_amount,SUM|WHERE,"SELECT ROUND(SUM(claim_amount),2) AS total_repudiated_amount FROM claims WHERE claim_status='Repudiated';",None
PS-247,What percentage of Broker-channel policies are In-Force?,Filtering/Conditional/Ratio,policies,sales_channel|policy_status,CASE WHEN|SUM|COUNT|WHERE,"SELECT ROUND(100.0*SUM(CASE WHEN policy_status='In-Force' THEN 1 ELSE 0 END)/COUNT(*),2) AS inforce_pct FROM policies WHERE sales_channel='Broker';",None
PS-248,What is the average premium-paying term for Endowment policies?,Filtering/Average,policies,product_name|premium_paying_term_years,AVG|WHERE,"SELECT ROUND(AVG(premium_paying_term_years),2) AS avg_ppt_endowment FROM policies WHERE product_name='Endowment';",None
PS-249,How many agents have worked for more than 10 years?,Derived-Metric/Count,sales,date_of_joining|date_of_termination,COUNT|julianday|COALESCE,"SELECT COUNT(*) AS senior_agents FROM sales WHERE (julianday(COALESCE(date_of_termination,date('now'))) - julianday(date_of_joining))/365.0 > 10;","ERROR: Execution failed on sql 'SELECT COUNT(*) AS senior_agents FROM sales WHERE (julianday(COALESCE(date_of_termination,date('now'))) - julianday(date_of_joining))/365.0 > 10;': no such column: date_of_joining"
PS-250,What is the total claim amount by medical diagnosis for health claims?,Filtering/GroupBy/Sum,claims,claim_type|medical|claim_amount,SUM|GROUP BY|WHERE|ORDER BY,"SELECT medical, ROUND(SUM(claim_amount),2) AS total_claim_amount FROM claims WHERE claim_type='Health Claim' AND medical IS NOT NULL GROUP BY medical ORDER BY total_claim_amount DESC;",No results
PS-251,What percentage of total sum assured is concentrated in the top 10 policies?,Concentration/Subquery,policies,sum_assured,SUM|ORDER BY|LIMIT|Subquery,"SELECT ROUND(100.0*(SELECT SUM(sum_assured) FROM (SELECT sum_assured FROM policies ORDER BY sum_assured DESC LIMIT 10))/(SELECT SUM(sum_assured) FROM policies),2) AS top10_concentration_pct;",0.86
PS-252,What is the average annual premium for Bancassurance vs Agency channel?,Filtering/GroupBy/Comparison,policies,sales_channel|annual_premium,AVG|GROUP BY|WHERE,"SELECT sales_channel, ROUND(AVG(annual_premium),2) AS avg_premium FROM policies WHERE sales_channel IN ('Bancassurance','Agency') GROUP BY sales_channel;",No results
PS-253,What is the policy status distribution for ULIP products?,Filtering/GroupBy/Distribution,policies,product_name|policy_status,COUNT|GROUP BY|WHERE,"SELECT policy_status, COUNT(*) AS cnt FROM policies WHERE product_name='ULIP' GROUP BY policy_status ORDER BY cnt DESC;",No results
PS-254,What is the average age of agents who exceeded their NBP target?,Filtering/Average,sales,target_achievement_pct|age,AVG|WHERE,"SELECT ROUND(AVG(age),2) AS avg_age_over_target FROM sales WHERE target_achievement_pct > 100;","ERROR: Execution failed on sql 'SELECT ROUND(AVG(age),2) AS avg_age_over_target FROM sales WHERE target_achievement_pct > 100;': no such column: age"
PS-255,What is the total claim amount for policies in the West zone?,Join/Filtering/Sum,claims|policies,zone|claim_amount,JOIN|SUM|WHERE,"SELECT ROUND(SUM(cl.claim_amount),2) AS total_west_claims FROM claims cl JOIN policies pol ON cl.policy_number=pol.policy_number WHERE pol.zone='West';",None
PS-256,What proportion of male vs female customers are smokers?,GroupBy/Conditional/Ratio,customers,gender|is_smoker,CASE WHEN|SUM|COUNT|GROUP BY,"SELECT gender, ROUND(100.0*SUM(CASE WHEN is_smoker='Y' THEN 1 ELSE 0 END)/COUNT(*),2) AS smoker_pct FROM customers GROUP BY gender;","gender  smoker_pct
     C       42.86
     F       19.95
     M       20.01"
PS-257,Which claim year had the highest average claim amount?,Time-Series/Ranking,claims,claim_date|claim_amount,AVG|GROUP BY|ORDER BY,"SELECT SUBSTR(claim_date,1,4) AS year, ROUND(AVG(claim_amount),2) AS avg_claim FROM claims GROUP BY year ORDER BY avg_claim DESC LIMIT 1;","year  avg_claim
01-F  5000000.0"
PS-258,What is the average sum assured for Annual payment mode policies?,Filtering/Average,policies,payment_mode|sum_assured,AVG|WHERE,"SELECT ROUND(AVG(sum_assured),2) AS avg_sa_annual FROM policies WHERE payment_mode='Annual';",None
PS-259,What is the total premium paid for all In-Force policies?,Filtering/Sum,policies,policy_status|total_premium_paid,SUM|WHERE,"SELECT ROUND(SUM(total_premium_paid),2) AS total_inforce_premium FROM policies WHERE policy_status='In-Force';",None
PS-260,What is the average claim amount for surrender claims?,Filtering/Average,claims,claim_type|claim_amount,AVG|WHERE,"SELECT ROUND(AVG(claim_amount),2) AS avg_surrender_claim FROM claims WHERE claim_type='Surrender Claim';",None
PS-261,How many policies have been surrendered in total?,Aggregation/Count,policies,policy_status,COUNT|WHERE,SELECT COUNT(*) AS total_surrendered FROM policies WHERE policy_status='Surrendered';,324
PS-262,What is the total surrender value paid out?,Aggregation/Sum,surrenders,surrender_value_paid,SUM,"SELECT ROUND(SUM(surrender_value_paid),2) AS total_val_paid FROM surrenders;","ERROR: Execution failed on sql 'SELECT ROUND(SUM(surrender_value_paid),2) AS total_val_paid FROM surrenders;': no such column: surrender_value_paid"
PS-263,What is the average surrender charge per surrendered policy?,Aggregation/Average,surrenders,surrender_charge,AVG,"SELECT ROUND(AVG(surrender_charge),2) AS avg_charge FROM surrenders;","ERROR: Execution failed on sql 'SELECT ROUND(AVG(surrender_charge),2) AS avg_charge FROM surrenders;': no such column: surrender_charge"
PS-264,Which product category has the highest surrender rate?,Join/Conditional/Ratio,policies|products,product_category|policy_status,JOIN|SUM|CASE WHEN|GROUP BY|ORDER BY,"SELECT pr.product_category, ROUND(100.0*SUM(CASE WHEN po.policy_status='Surrendered' THEN 1 ELSE 0 END)/COUNT(*),2) AS surrender_rate FROM policies po JOIN products pr ON po.product_id=pr.product_id GROUP BY pr.product_category ORDER BY surrender_rate DESC LIMIT 1;","ERROR: Execution failed on sql 'SELECT pr.product_category, ROUND(100.0*SUM(CASE WHEN po.policy_status='Surrendered' THEN 1 ELSE 0 END)/COUNT(*),2) AS surrender_rate FROM policies po JOIN products pr ON po.product_id=pr.product_id GROUP BY pr.product_category ORDER BY surrender_rate DESC LIMIT 1;': no such column: po.product_id"
PS-265,What is the distribution of surrender reasons?,GroupBy/Distribution,surrenders,surrender_reason,COUNT|GROUP BY,"SELECT surrender_reason, COUNT(*) AS cnt FROM surrenders GROUP BY surrender_reason ORDER BY cnt DESC;","ERROR: Execution failed on sql 'SELECT surrender_reason, COUNT(*) AS cnt FROM surrenders GROUP BY surrender_reason ORDER BY cnt DESC;': no such column: surrender_reason"
PS-266,How many policies were successfully retained by retention efforts?,Filtering/Count,retention,retention_status,COUNT|WHERE,SELECT COUNT(*) AS retained_count FROM retention WHERE retention_status='Retained';,ERROR: Execution failed on sql 'SELECT COUNT(*) AS retained_count FROM retention WHERE retention_status='Retained';': no such column: retention_status
PS-267,What is the overall retention success rate for policies contacted?,Aggregation/Ratio,retention,retention_status,SUM|COUNT|CASE WHEN,"SELECT ROUND(100.0*SUM(CASE WHEN retention_status='Retained' THEN 1 ELSE 0 END)/COUNT(*),2) AS success_rate FROM retention;","ERROR: Execution failed on sql 'SELECT ROUND(100.0*SUM(CASE WHEN retention_status='Retained' THEN 1 ELSE 0 END)/COUNT(*),2) AS success_rate FROM retention;': no such column: retention_status"
PS-268,What is the total agent incentive paid for successful policy retention?,Aggregation/Sum,retention,agent_incentive_amount,SUM,"SELECT ROUND(SUM(agent_incentive_amount),2) AS total_incentive FROM retention;","ERROR: Execution failed on sql 'SELECT ROUND(SUM(agent_incentive_amount),2) AS total_incentive FROM retention;': no such column: agent_incentive_amount"
PS-269,Which contact channel was most effective for retaining policies (highest count)?,Filtering/GroupBy/Ranking,retention,contact_channel|retention_status,COUNT|GROUP BY|ORDER BY,"SELECT contact_channel, COUNT(*) AS cnt FROM retention WHERE retention_status='Retained' GROUP BY contact_channel ORDER BY cnt DESC LIMIT 1;","ERROR: Execution failed on sql 'SELECT contact_channel, COUNT(*) AS cnt FROM retention WHERE retention_status='Retained' GROUP BY contact_channel ORDER BY cnt DESC LIMIT 1;': no such column: contact_channel"
PS-270,What is the average elapsed years of a policy before it gets surrendered?,Filtering/Average,claims,policy_tenure_at_claim_months|claim_type,AVG|WHERE,"SELECT ROUND(AVG(policy_tenure_at_claim_months*1.0/12.0),2) AS avg_elapsed_years FROM claims WHERE claim_type='Surrender Claim';",None
