AppID,Claim_No,Date.of.Death,Cause.of.Death,Claim.Amount,Date.of.Intimation,Status.of.Claim,Amount.Paid,Settlement.Date
11000010875,490,30-May-25,CANCER,1250000,06-Mar-26,Paid,1250000,31-Mar-26
11000991171,333,03-Apr-25,HEART ATTACK,1702500,18-Jun-25,Paid,1702500,31-Jul-25
11350017290,607,28-Nov-23,ALTERED SENSORIUM,"57,750.00",29-Apr-24,Paid,57750,14-May-24
11501502524,867,28-Dec-25,NATURAL,572500,16-May-26,Paid,572500,26-May-26
11896322265,368,23-Aug-25,NATURAL DEATH,875000,15-Sep-25,Paid,875000,15-Oct-25
11993378017,255,01-Sep-23,SUDDEN DEATH,"12,50,000.00",25-Sep-23,Paid,1250000,30-Sep-23
15000343574,710,26-Nov-25,NOT KNOWN,286250,07-Mar-26,Paid,286250,20-Mar-26
15000349504,691,20-Nov-25,NATURAL,585000,08-Dec-25,Paid,585000,20-Dec-25
15000352589,460,17-Jan-26,LUNG CANCER,1108000,03-Feb-26,Paid,1108000,27-Feb-26
15000356689,606,24-Aug-25,NATURAL,348000,03-Dec-25,Paid,348000,15-Dec-25
15000360081,628,23-Apr-26,NATURAL,252000,08-Jun-26,Paid,252000,19-Jun-26
15000363108,832,09-Dec-23,SUDDEN DEATH,"2,86,250.00",24-Jan-24,Paid,286250,31-Jan-24
15000367478,578,21-Jul-25,CVA LEFT HEMIPERESIS,2000000,18-Aug-25,Paid,2000000,12-Sep-25
15000374139,227,03-Sep-23,SEIZURE DISORDER,"2,38,000.00",12-Feb-24,Paid,238000,26-Mar-24
15000374709,742,13-Aug-25,SUDDEN DEATH,552000,17-Sep-25,Paid,552000,30-Sep-25
15000374723,466,27-Apr-26,HYPERTENSION,580125,16-Jun-26,Paid,580125,25-Jun-26
15000379067,539,25-Sep-23,SUDDEN DEATH,"2,10,000.00",12-Sep-24,Paid,210000,24-Sep-24
15000383180,210,04-Jun-25,CANCER,214102,07-Jul-25,Paid,214102,15-Jul-25
15000384842,194,11-Oct-25,SUDDEN DEATH,318000,16-Feb-26,Paid,318000,27-Feb-26
15000391008,703,28-May-25,SILNET HEART ATTACK,283435,15-Jul-25,Paid,283435,23-Jul-25
15000393105,735,11-Jan-26,DROWNING,307957,03-Jun-26,Paid,307957,13-Jun-26
15000395092,316,12-Jul-24,HEART ATTACK,"3,30,000.00",22-Nov-24,Paid,330000,28-Nov-24
15000401419,962,24-Aug-25,SUDDEN DEATH,86000,28-Oct-25,Paid,86000,31-Oct-25
15000407643,543,11-Jan-26,DROWNING,307957,03-Jun-26,Paid,307957,13-Jun-26
15000413061,173,26-Dec-24,NATURAL,"5,59,734.04",17-Jan-25,Paid,559734,31-Jan-25
15000414567,853,15-Jan-25,SUDDEN CARDIAC ARREST,"30,00,000.00",10-Feb-25,Paid,3000000,22-Mar-25
15000419831,371,20-Dec-24,NATURAL,"2,79,611.48",17-Feb-25,Paid,279611,24-Feb-25
15000425265,548,17-Apr-25,SUDDEN DEATH,210000,02-May-25,Paid,210000,16-May-25
15000439165,632,20-Nov-24,NATURAL DEATH,"5,57,000.00",06-Jan-25,Paid,557000,29-Jan-25
15000444421,347,10-Jun-24,NATURAL,"52,248.80",03-Jan-25,Paid,52249,14-Jan-25
15000446096,762,14-Jan-26,NOT KNOWN,282598,06-Mar-26,Paid,282598,19-Mar-26
15000447597,574,09-Feb-26,NOT KNOWN,424000,07-Mar-26,Paid,424000,13-Mar-26
15000470849,685,01-Aug-25,SEPSIS,275500,08-Jan-26,Paid,275500,17-Jan-26
15000911609,651,19-Jan-26,LIVER DISEASE,559000,12-Feb-26,Paid,559000,18-Feb-26
15000929149,260,20-May-25,SUDDEN DEATH,1456562,11-Jun-25,Paid,1456562,26-Jun-25
15011128067,394,26-May-25,NATURAL,230000,04-Aug-25,Paid,230000,14-Aug-25
15011209367,970,24-Jan-25,HEART DISEASE,"11,00,000.00",14-Feb-25,Paid,1100000,13-Mar-25
15033330128,617,21-Jul-24,NATURAL DEATH,"2,10,000.00",13-Mar-25,Paid,210000,22-Mar-25
15099053010,547,02-Mar-26,NATURAL DEATH,276000,06-May-26,Paid,276000,21-May-26
15099115596,583,03-Sep-24,NATURAL DEATH,"52,500.00",06-Nov-24,Paid,52500,12-Nov-24
15099872386,899,19-Jul-25,SUDDEN DEATH,331200,09-Sep-25,Paid,331200,11-Sep-25
15290000053,829,15-Dec-25,SUDDEN DEATH,178501,04-May-26,Paid,178500.5,19-May-26
19102004013,388,11-Feb-24,HEART ATTACK,"2,56,000.00",11-Mar-24,Paid,256000,20-Mar-24
19102027767,332,12-May-25,ACUTE MYOCARDIAL INFARCTION,3000000,04-Jun-25,Paid,3000000,19-Jun-25
19102033079,883,15-May-24,SUDDEN DEATH,"10,00,000.00",18-Oct-24,Paid,1000000,30-Oct-24
19102050977,183,23-Nov-23,SUDDEN DEATH,"50,00,000.00",01-Feb-24,Paid,5000000,27-Mar-24
19102056132,239,16-Oct-23,CARDIO PULMONARY,"14,00,000.00",04-Dec-23,Paid,1400000,21-Mar-24
19102062556,110,31-Mar-25,SUICIDE,399000,04-Jun-25,Paid,399000,13-Jun-25
19102063021,545,02-May-25,ROAD ACCIDENT,1160000,28-May-25,Paid,1160000,20-Jun-25
19102087251,455,05-Feb-25,SUDDEN DEATH,"16,00,000.00",10-Mar-25,Paid,1600000,31-Mar-25
19102095361,146,17-Sep-24,HEART ATTACK,"2,29,000.00",25-Oct-24,Paid,229000,29-Oct-24
19102099529,631,28-Aug-23,HEART ATTACK,"20,00,000.00",06-Nov-23,Paid,2000000,30-Nov-23
19102102622,532,13-Aug-23,SUDDEN DEATH,"6,35,000.00",29-Nov-23,Paid,635000,16-Dec-23
19102110542,613,01-Jan-25,SUDDEN DEATH,"2,82,500.00",04-Feb-25,Paid,282500,19-Feb-25
19102114508,270,09-Apr-25,HEART ATTACK,229000,17-May-25,Paid,229000,31-May-25
19102131430,719,29-Mar-24,CARDIAC ARREST,"12,50,000.00",09-Sep-24,Paid,1250000,30-Sep-24
19102162450,522,01-Oct-23,CARDIOGENIC SHOCK,"2,86,250.00",18-Jan-24,Paid,286250,25-Jan-24
19102168603,303,23-Feb-26,HEART ATTACK,567500,12-May-26,Paid,567500,26-May-26
19102169599,168,06-Jan-25,NATURAL DEATH,"10,50,000.00",17-Jan-25,Paid,1050000,28-Jan-25
19102210429,560,07-Aug-24,SUDDEN DEATH,420000,03-Dec-25,Paid,420000,18-Dec-25
19102212265,576,14-Nov-24,CARDIO REPIRATORY ARREST,500000,05-Mar-26,Paid,500000,18-Mar-26
19102216653,761,05-Mar-24,ACCIDENT,"3,57,000.00",09-May-24,Paid,357000,24-May-24
19102219098,129,10-Nov-24,Sepsis with Septic Shock,1400000,06/17/2026,Paid,1400000,06/30/2026
19102221324,497,01-Jan-26,MYOCARDIAL INFARCTION,3135000,05-Mar-26,Paid,3135000,14-Mar-26
19102222541,530,02-Feb-24,CHRONIC KIDNEY DISEASE,"1,05,000.00",20-May-24,Paid,105000,28-May-24
19102227404,677,19-Nov-25,HEART ATTACK,550000,09-Jan-26,Paid,550000,20-Feb-26
19102235924,350,14-Jan-24,NATURAL DEATH,"2,30,000.00",02-Feb-24,Paid,230000,14-Feb-24
19102239463,164,29-Sep-25,NATURAL DEATH,1155000,16-Oct-25,Paid,1155000,28-Nov-25
19102241060,732,08-Feb-25,SUDDEN DEATH,"11,22,622.96",01-Mar-25,Paid,1122623,21-Mar-25
19102241064,209,16-Jan-24,SEPTIC SHOCK,"3,31,659.81",02-Apr-24,Paid,331660,31-May-24
19102241067,292,08-Feb-25,SUDDEN DEATH,"10,50,000.00",01-Mar-25,Paid,1050000,12-Mar-25
19102241220,461,25-Sep-25,NATURAL,958500,18-Dec-25,Paid,958500,30-Dec-25
19102247460,916,06-Feb-25,NATURAL DEATH,272400,18-Jun-25,Paid,272400,28-Jun-25
19102250683,928,24-Feb-25,SEIZURE DISORDER,"6,30,000.00",19-Mar-25,Paid,630000,31-Mar-25
19102251018,599,13-Jan-26,SUDDEN DEATH,279001,12-Feb-26,Paid,279001,26-Feb-26
19102251019,438,25-Feb-24,ACCIDENT,"2,75,000.00",21-Jun-24,Paid,275000,27-Jun-24
19102252678,783,31-Jan-24,NATURAL,"52,500.00",05-Mar-24,Paid,52500,09-Mar-24
19102253029,966,13-Nov-24,SUDDEN DEATH,"11,24,488.86",20-Jan-25,Paid,1124489,31-Jan-25
19102256596,926,25-Jul-24,SEPTIC SHOCK,"2,85,000.00",09-Sep-24,Paid,285000,17-Sep-24
19102266507,101,12-Nov-24,CARDIO RESPIRATORY FAILURE,"6,45,000.00",29-Jan-25,Paid,645000,14-Feb-25
19102273221,954,05-Dec-24,HEART ATTACK,"1,14,500.00",07-Jan-25,Paid,114500,14-Jan-25
19102277505,990,06-Sep-25,SILENT HEART ATTACK,2224000,24-Sep-25,Paid,2224000,30-Oct-25
19102285533,873,27-Dec-24,SUDDEN DEATH,"1,93,500.00",13-Mar-25,Paid,193500,22-Mar-25
19102291294,100,08-Aug-25,SUDDEN DEATH,129000,07-Oct-25,Paid,129000,11-Oct-25
19102295277,755,16-Nov-25,CARDIOGENIC SHOCK,62677,03-Feb-26,Paid,62677,18-Feb-26
19102298882,642,16-May-24,THRYMBOLYSIS,"27,50,000.00",12-Nov-24,Paid,2750000,17-Dec-24
19102302816,941,10-Jul-25,HEART ATTACK,396000,06-Aug-25,Paid,396000,16-Aug-25
19102306267,797,08-Mar-26,SUDDEN DEATH,916000,16-May-26,Paid,916000,13-Jun-26
19102306995,909,15-Apr-26,NOT KNOWN,166500,04-Jun-26,Paid,"1,66,500",11-Jun-26
19102319131,518,25-Dec-25,SUDDEN DEATH,347462,21-Jan-26,Paid,347461.8,29-Jan-26
19102320676,439,25-Dec-23,FEVER,"3,96,000.00",18-Jan-24,Paid,396000,27-Mar-24
19102324818,267,09-Jun-25,SUDDEN DEATH,105000,05-Jul-25,Paid,105000,12-Jul-25
19102326283,517,04-Mar-25,HEART ATTACK,1050000,08-Apr-25,Paid,1050000,22-Apr-25
19102330909,673,06-Apr-24,RESPIRATORY CARDIAC ARREST,"26,250.00",24-Jun-24,Paid,26250,27-Jun-24
19102337234,610,26-Jun-25,SUDDEN DEATH,2000000,06-Aug-25,Paid,2000000,18-Sep-25
19102339333,859,10-Aug-24,SEPSIS,"2,10,000.00",14-Mar-25,Paid,210000,22-Mar-25
19102339634,158,26-Mar-24,HEART ATTACK,"1,05,000.00",15-May-24,Paid,105000,23-May-24
19102342266,568,12-May-24,CARDIO,52500,09-Apr-25,Paid,52500,21-Apr-25
19102344386,211,09-Nov-25,NATURAL DEATH,165000,06-Jan-26,Paid,165000,10-Jan-26
19102344902,665,22-Dec-25,HEART ATTACK,217000,03-Feb-26,Paid,217000,18-Feb-26
19102345776,305,21-Jul-24,NATURAL DEATH,"5,50,000.00",12-Aug-24,Paid,550000,18-Sep-24
19102351048,104,01-Jan-25,HEART ATTACK,"2,25,000.00",02-Feb-25,Paid,225000,10-Feb-25
19102366152,925,05-Apr-26,JAUNDICE,1280000,21-May-26,Paid,1280000,30-Jun-26
19102372337,715,16-Jun-24,CARDIO RESPIRATORY ARREST,1100000,28-May-25,Paid,1100000,10-Jul-25
19102375774,787,24-Apr-24,MURDER,"12,50,000.00",23-May-24,Paid,1250000,25-Jun-24
19102376223,799,09-Oct-25,NATURAL DEATH,556000,06-Feb-26,Paid,556000,21-Mar-26
19102377369,505,06-Jun-24,MASSIVE HEART ATTACK,"30,00,000.00",12-Sep-24,Paid,3000000,26-Oct-24
19102383776,370,25-Apr-26,ACCIDENT,2000000,08-May-26,Paid,2000000,23-May-26
19102386345,706,13-Dec-24,CARDIO PULONARY ARREST,"8,75,000.00",23-Jan-25,Paid,875000,27-Feb-25
19102391092,822,12-Sep-24,HEART ATTACK,220000,16-Apr-25,Paid,220000,24-Apr-25
19102392391,160,21-Aug-24,HEART ATTACK,"3,27,500.00",20-Nov-24,Paid,327500,28-Nov-24
19102394441,766,06-Dec-24,LIVER DISEASE,"4,23,768.39",22-Mar-25,Paid,423768,31-Mar-25
19102396313,494,06-Sep-24,SUDDEN DEATH,"5,80,000.00",20-Mar-25,Paid,580000,31-Mar-25
19102399258,421,26-Aug-25,HEART DISEASE,2000000,20-Jan-26,Paid,2000000,25-Feb-26
19102406273,354,16-Sep-25,HEART DISEASE,234000,21-Oct-25,Paid,234000,31-Oct-25
19102407048,686,19-Sep-24,HEART ATTACK,"2,83,750.00",27-Nov-24,Paid,283750,30-Dec-24
19102414421,887,05-Nov-24,NATURAL,"5,50,000.00",21-Dec-24,Paid,550000,20-Jan-25
19102416024,721,02-Aug-24,LOW BP,"52,500.00",08-Mar-25,Paid,52500,13-Mar-25
19102418448,508,11-Sep-25,ACCIDENT,560650,09-Oct-25,Paid,560650,22-Nov-25
19102421493,233,25-Aug-24,SUDDEN DEATH,"3,30,522.99",22-Jan-25,Paid,330523,27-Feb-25
19102422362,763,11-Sep-25,SUDDEN DEATH,315000,07-Oct-25,Paid,315000,11-Oct-25
19102427780,758,30-Oct-24,NATURAL,"5,53,000.00",07-Jan-25,Paid,553000,31-Jan-25
19102439943,141,22-Jan-25,HEART ATTACK,"2,10,000.00",10-Feb-25,Paid,210000,18-Feb-25
19102463650,379,15-Aug-25,HEART FAILURE,105000,25-Sep-25,Paid,105000,30-Sep-25
19102488479,181,06-Apr-26,ACUTE IMMUNE DISORDER,305742,04-May-26,Paid,305741.92,15-May-26
19102515659,277,09-Jan-26,NATURAL DEATH,559000,03-Feb-26,Paid,559000,10-Feb-26
19102528024,906,22-Nov-25,ACCIDENT,233000,05-Jan-26,Paid,233000,28-Jan-26
19102534453,604,22-Nov-25,CHEST PAIN,39714,04-Feb-26,Paid,39714,18-Feb-26
19102562722,624,09-Aug-25,SILENT ATTACK,562500,22-Sep-25,Paid,562500,16-Oct-25
19102668355,296,25-Nov-25,HEART ATTACK,1125000,05-Jan-26,Paid,1125000,18-Feb-26
19102679424,240,06-Dec-25,NATURAL,277000,12-Jan-26,Paid,277000,25-Feb-26
19102686403,480,27-Apr-26,NATURAL DEATH,680000,04-Jun-26,Paid,680000,26-Jun-26
19102699165,196,23-Sep-25,SUDDEN DEATH,558000,16-Jun-26,WIP,WIP,WIP
19102808475,463,28-Jan-26,NATURAL DEATH,225000,13-Mar-26,Paid,225000,27-Mar-26
